Season,Judge,Week Number,Week Name,Baker,Gender,Age,Signature Handshake,Technical Rank,Showstopper Handshake,Favorite,Least Favorite,Star Baker,Eliminated,Competed,Winner,,"Maintained by: Nick Ahamed, @nickahamed"
Series 1,Mary,1,Cake,Annetha,F,30,0,2,0,1,0,0,0,1,0,,
Series 1,Mary,1,Cake,David,M,31,0,3,0,0,1,0,0,1,0,,
Series 1,Mary,1,Cake,Edd,M,24,0,1,0,0,0,0,0,1,1,,
Series 1,Mary,1,Cake,Jasminder,F,45,0,,0,0,0,0,0,1,0,,
Series 1,Mary,1,Cake,Jonathan,M,25,0,9,0,0,0,0,0,1,0,,
Series 1,Mary,1,Cake,Lea,F,51,0,10,0,0,0,0,1,1,0,,
Series 1,Mary,1,Cake,Louise,F,44,0,,0,0,1,0,1,1,0,,
Series 1,Mary,1,Cake,Mark,M,48,0,,0,0,0,0,0,1,0,,
Series 1,Mary,1,Cake,Miranda,F,37,0,8,0,1,0,0,0,1,0,,
Series 1,Mary,1,Cake,Ruth,F,31,0,,0,1,0,0,0,1,0,,
Series 1,Mary,2,Biscuits,Annetha,F,30,0,7,0,0,0,0,1,1,0,,
Series 1,Mary,2,Biscuits,David,M,31,0,8,0,0,1,0,0,1,0,,
Series 1,Mary,2,Biscuits,Edd,M,24,0,6,0,1,0,0,0,1,1,,
Series 1,Mary,2,Biscuits,Jasminder,F,45,0,2,0,0,0,0,0,1,0,,
Series 1,Mary,2,Biscuits,Jonathan,M,25,0,1,0,1,0,0,0,1,0,,
Series 1,Mary,2,Biscuits,Lea,F,51,0,,0,0,0,0,0,0,0,,
Series 1,Mary,2,Biscuits,Louise,F,44,0,4,0,0,0,0,1,1,0,,
Series 1,Mary,2,Biscuits,Mark,M,48,0,,0,0,0,0,0,0,0,,
Series 1,Mary,2,Biscuits,Miranda,F,37,0,3,0,1,0,0,0,1,0,,
Series 1,Mary,2,Biscuits,Ruth,F,31,0,5,0,0,0,0,0,1,0,,
Series 1,Mary,3,Bread,Annetha,F,30,0,,0,0,0,0,0,0,0,,
Series 1,Mary,3,Bread,David,M,31,0,4,0,0,1,0,0,1,0,,
Series 1,Mary,3,Bread,Edd,M,24,0,1,0,1,0,0,0,1,1,,
Series 1,Mary,3,Bread,Jasminder,F,45,0,5,0,0,1,0,0,1,0,,
Series 1,Mary,3,Bread,Jonathan,M,25,0,6,0,0,0,0,1,1,0,,
Series 1,Mary,3,Bread,Lea,F,51,0,,0,0,0,0,0,0,0,,
Series 1,Mary,3,Bread,Louise,F,44,0,,0,0,0,0,0,0,0,,
Series 1,Mary,3,Bread,Mark,M,48,0,,0,0,0,0,0,0,0,,
Series 1,Mary,3,Bread,Miranda,F,37,0,3,0,0,0,0,0,1,0,,
Series 1,Mary,3,Bread,Ruth,F,31,0,2,0,1,0,0,0,1,0,,
Series 1,Mary,4,Pudding,Annetha,F,30,0,,0,0,0,0,0,0,0,,
Series 1,Mary,4,Pudding,David,M,31,0,5,0,0,0,0,1,1,0,,
Series 1,Mary,4,Pudding,Edd,M,24,0,3,0,0,1,0,0,1,1,,
Series 1,Mary,4,Pudding,Jasminder,F,45,0,2,0,1,0,0,0,1,0,,
Series 1,Mary,4,Pudding,Jonathan,M,25,0,,0,0,0,0,0,0,0,,
Series 1,Mary,4,Pudding,Lea,F,51,0,,0,0,0,0,0,0,0,,
Series 1,Mary,4,Pudding,Louise,F,44,0,,0,0,0,0,0,0,0,,
Series 1,Mary,4,Pudding,Mark,M,48,0,,0,0,0,0,0,0,0,,
Series 1,Mary,4,Pudding,Miranda,F,37,0,1,0,1,0,0,0,1,0,,
Series 1,Mary,4,Pudding,Ruth,F,31,0,4,0,0,0,0,0,1,0,,
Series 1,Mary,5,Pastry,Annetha,F,30,0,,0,0,0,0,0,0,0,,
Series 1,Mary,5,Pastry,David,M,31,0,,0,0,0,0,0,0,0,,
Series 1,Mary,5,Pastry,Edd,M,24,0,2,0,1,0,0,0,1,1,,
Series 1,Mary,5,Pastry,Jasminder,F,45,0,4,0,0,0,0,1,1,0,,
Series 1,Mary,5,Pastry,Jonathan,M,25,0,,0,0,0,0,0,0,0,,
Series 1,Mary,5,Pastry,Lea,F,51,0,,0,0,0,0,0,0,0,,
Series 1,Mary,5,Pastry,Louise,F,44,0,,0,0,0,0,0,0,0,,
Series 1,Mary,5,Pastry,Mark,M,48,0,,0,0,0,0,0,0,0,,
Series 1,Mary,5,Pastry,Miranda,F,37,0,1,0,0,1,0,0,1,0,,
Series 1,Mary,5,Pastry,Ruth,F,31,0,3,0,1,0,0,0,1,0,,
Series 1,Mary,6,Final,Annetha,F,30,0,,0,0,0,0,0,0,0,,
Series 1,Mary,6,Final,David,M,31,0,,0,0,0,0,0,0,0,,
Series 1,Mary,6,Final,Edd,M,24,0,,0,0,0,0,0,1,1,,
Series 1,Mary,6,Final,Jasminder,F,45,0,,0,0,0,0,0,0,0,,
Series 1,Mary,6,Final,Jonathan,M,25,0,,0,0,0,0,0,0,0,,
Series 1,Mary,6,Final,Lea,F,51,0,,0,0,0,0,0,0,0,,
Series 1,Mary,6,Final,Louise,F,44,0,,0,0,0,0,0,0,0,,
Series 1,Mary,6,Final,Mark,M,48,0,,0,0,0,0,0,0,0,,
Series 1,Mary,6,Final,Miranda,F,37,0,,0,0,0,0,1,1,0,,
Series 1,Mary,6,Final,Ruth,F,31,0,,0,0,0,0,1,1,0,,
Series 2,Mary,1,Cake,Ben,M,31,0,2,0,0,0,0,0,1,0,,
Series 2,Mary,1,Cake,Holly,F,31,0,1,0,0,0,1,0,1,0,,
Series 2,Mary,1,Cake,Ian,M,40,0,10,0,0,0,0,0,1,0,,
Series 2,Mary,1,Cake,Janet,F,63,0,8,0,0,0,0,0,1,0,,
Series 2,Mary,1,Cake,Jason,M,19,0,6,0,0,0,0,0,1,0,,
Series 2,Mary,1,Cake,Joanne,F,41,0,11,0,1,0,0,0,1,1,,
Series 2,Mary,1,Cake,Keith,M,31,0,12,0,0,0,0,1,1,0,,
Series 2,Mary,1,Cake,Mary-Anne,F,45,0,4,0,0,0,0,0,1,0,,
Series 2,Mary,1,Cake,Robert,M,25,0,3,0,0,1,0,0,1,0,,
Series 2,Mary,1,Cake,Simon,M,31,0,9,0,0,1,0,0,1,0,,
Series 2,Mary,1,Cake,Urvashi,F,40,0,7,0,0,0,0,0,1,0,,
Series 2,Mary,1,Cake,Yasmin,F,43,0,5,0,0,0,0,0,1,0,,
Series 2,Mary,2,Tarts,Ben,M,31,0,1,0,0,0,0,0,1,0,,
Series 2,Mary,2,Tarts,Holly,F,31,0,4,0,0,0,0,0,1,0,,
Series 2,Mary,2,Tarts,Ian,M,40,0,2,0,1,0,0,0,1,0,,
Series 2,Mary,2,Tarts,Janet,F,63,0,8,0,0,0,0,0,1,0,,
Series 2,Mary,2,Tarts,Jason,M,19,0,3,0,0,0,1,0,1,0,,
Series 2,Mary,2,Tarts,Joanne,F,41,0,10,0,0,1,0,0,1,1,,
Series 2,Mary,2,Tarts,Keith,M,31,0,,0,0,0,0,0,0,0,,
Series 2,Mary,2,Tarts,Mary-Anne,F,45,0,9,0,0,0,0,0,1,0,,
Series 2,Mary,2,Tarts,Robert,M,25,0,5,0,0,1,0,0,1,0,,
Series 2,Mary,2,Tarts,Simon,M,31,0,11,0,0,0,0,1,1,0,,
Series 2,Mary,2,Tarts,Urvashi,F,40,0,7,0,0,0,0,0,1,0,,
Series 2,Mary,2,Tarts,Yasmin,F,43,0,6,0,0,0,0,0,1,0,,
Series 2,Mary,3,Bread,Ben,M,31,0,3,0,0,0,0,0,1,0,,
Series 2,Mary,3,Bread,Holly,F,31,0,6,0,0,0,0,0,1,0,,
Series 2,Mary,3,Bread,Ian,M,40,0,10,0,0,0,0,1,1,0,,
Series 2,Mary,3,Bread,Janet,F,63,0,8,0,0,1,0,0,1,0,,
Series 2,Mary,3,Bread,Jason,M,19,0,7,0,0,0,0,0,1,0,,
Series 2,Mary,3,Bread,Joanne,F,41,0,1,0,0,0,0,0,1,1,,
Series 2,Mary,3,Bread,Keith,M,31,0,,0,0,0,0,0,0,0,,
Series 2,Mary,3,Bread,Mary-Anne,F,45,0,5,0,1,0,0,0,1,0,,
Series 2,Mary,3,Bread,Robert,M,25,0,4,0,0,1,0,0,1,0,,
Series 2,Mary,3,Bread,Simon,M,31,0,,0,0,0,0,0,0,0,,
Series 2,Mary,3,Bread,Urvashi,F,40,0,9,0,0,0,0,1,1,0,,
Series 2,Mary,3,Bread,Yasmin,F,43,0,2,0,0,0,1,0,1,0,,
Series 2,Mary,4,Biscuits,Ben,M,31,0,5,0,0,0,0,1,1,0,,
Series 2,Mary,4,Biscuits,Holly,F,31,0,3,0,0,0,1,0,1,0,,
Series 2,Mary,4,Biscuits,Ian,M,40,0,,0,0,0,0,0,0,0,,
Series 2,Mary,4,Biscuits,Janet,F,63,0,4,0,0,0,0,0,1,0,,
Series 2,Mary,4,Biscuits,Jason,M,19,0,1,0,0,0,1,0,1,0,,
Series 2,Mary,4,Biscuits,Joanne,F,41,0,8,0,0,0,0,0,1,1,,
Series 2,Mary,4,Biscuits,Keith,M,31,0,,0,0,0,0,0,0,0,,
Series 2,Mary,4,Biscuits,Mary-Anne,F,45,0,2,0,1,0,0,0,1,0,,
Series 2,Mary,4,Biscuits,Robert,M,25,0,7,0,0,0,0,0,1,0,,
Series 2,Mary,4,Biscuits,Simon,M,31,0,,0,0,0,0,0,0,0,,
Series 2,Mary,4,Biscuits,Urvashi,F,40,0,,0,0,0,0,0,0,0,,
Series 2,Mary,4,Biscuits,Yasmin,F,43,0,6,0,0,1,0,0,1,0,,
Series 2,Mary,5,Pie,Ben,M,31,0,,0,0,0,0,0,0,0,,
Series 2,Mary,5,Pie,Holly,F,31,0,4,0,0,0,0,0,1,0,,
Series 2,Mary,5,Pie,Ian,M,40,0,,0,0,0,0,0,0,0,,
Series 2,Mary,5,Pie,Janet,F,63,0,1,0,0,0,1,0,1,0,,
Series 2,Mary,5,Pie,Jason,M,19,0,7,0,0,0,0,1,1,0,,
Series 2,Mary,5,Pie,Joanne,F,41,0,6,0,0,0,0,0,1,1,,
Series 2,Mary,5,Pie,Keith,M,31,0,,0,0,0,0,0,0,0,,
Series 2,Mary,5,Pie,Mary-Anne,F,45,0,2,0,1,0,0,0,1,0,,
Series 2,Mary,5,Pie,Robert,M,25,0,3,0,0,0,0,1,1,0,,
Series 2,Mary,5,Pie,Simon,M,31,0,,0,0,0,0,0,0,0,,
Series 2,Mary,5,Pie,Urvashi,F,40,0,,0,0,0,0,0,0,0,,
Series 2,Mary,5,Pie,Yasmin,F,43,0,5,0,0,1,0,0,1,0,,
Series 2,Mary,6,Dessert,Ben,M,31,0,,0,0,0,0,0,0,0,,
Series 2,Mary,6,Dessert,Holly,F,31,0,3,0,0,1,0,0,1,0,,
Series 2,Mary,6,Dessert,Ian,M,40,0,,0,0,0,0,0,0,0,,
Series 2,Mary,6,Dessert,Janet,F,63,0,5,0,0,0,0,0,1,0,,
Series 2,Mary,6,Dessert,Jason,M,19,0,,0,0,0,0,0,0,0,,
Series 2,Mary,6,Dessert,Joanne,F,41,0,1,0,0,0,1,0,1,1,,
Series 2,Mary,6,Dessert,Keith,M,31,0,,0,0,0,0,0,0,0,,
Series 2,Mary,6,Dessert,Mary-Anne,F,45,0,4,0,1,0,0,0,1,0,,
Series 2,Mary,6,Dessert,Robert,M,25,0,,0,0,0,0,0,0,0,,
Series 2,Mary,6,Dessert,Simon,M,31,0,,0,0,0,0,0,0,0,,
Series 2,Mary,6,Dessert,Urvashi,F,40,0,,0,0,0,0,0,0,0,,
Series 2,Mary,6,Dessert,Yasmin,F,43,0,2,0,0,0,0,1,1,0,,
Series 2,Mary,7,Pâtisserie,Ben,M,31,0,,0,0,0,0,0,0,0,,
Series 2,Mary,7,Pâtisserie,Holly,F,31,0,1,0,1,0,0,0,1,0,,
Series 2,Mary,7,Pâtisserie,Ian,M,40,0,,0,0,0,0,0,0,0,,
Series 2,Mary,7,Pâtisserie,Janet,F,63,0,4,0,0,0,0,1,1,0,,
Series 2,Mary,7,Pâtisserie,Jason,M,19,0,,0,0,0,0,0,0,0,,
Series 2,Mary,7,Pâtisserie,Joanne,F,41,0,3,0,1,0,0,0,1,1,,
Series 2,Mary,7,Pâtisserie,Keith,M,31,0,,0,0,0,0,0,0,0,,
Series 2,Mary,7,Pâtisserie,Mary-Anne,F,45,0,2,0,0,1,0,0,1,0,,
Series 2,Mary,7,Pâtisserie,Robert,M,25,0,,0,0,0,0,0,0,0,,
Series 2,Mary,7,Pâtisserie,Simon,M,31,0,,0,0,0,0,0,0,0,,
Series 2,Mary,7,Pâtisserie,Urvashi,F,40,0,,0,0,0,0,0,0,0,,
Series 2,Mary,7,Pâtisserie,Yasmin,F,43,0,,0,0,0,0,0,0,0,,
Series 2,Mary,8,Final,Ben,M,31,0,,0,0,0,0,0,0,0,,
Series 2,Mary,8,Final,Holly,F,31,0,2,0,0,0,0,1,1,0,,
Series 2,Mary,8,Final,Ian,M,40,0,,0,0,0,0,0,0,0,,
Series 2,Mary,8,Final,Janet,F,63,0,,0,0,0,0,0,0,0,,
Series 2,Mary,8,Final,Jason,M,19,0,,0,0,0,0,0,0,0,,
Series 2,Mary,8,Final,Joanne,F,41,0,1,0,0,0,1,0,1,1,,
Series 2,Mary,8,Final,Keith,M,31,0,,0,0,0,0,0,0,0,,
Series 2,Mary,8,Final,Mary-Anne,F,45,0,3,0,0,0,0,1,1,0,,
Series 2,Mary,8,Final,Robert,M,25,0,,0,0,0,0,0,0,0,,
Series 2,Mary,8,Final,Simon,M,31,0,,0,0,0,0,0,0,0,,
Series 2,Mary,8,Final,Urvashi,F,40,0,,0,0,0,0,0,0,0,,
Series 2,Mary,8,Final,Yasmin,F,43,0,,0,0,0,0,0,0,0,,
Series 3,Mary,1,Cake,Brenden,M,63,0,10,0,0,0,0,0,1,0,,
Series 3,Mary,1,Cake,Cathryn,F,27,0,5,0,1,0,0,0,1,0,,
Series 3,Mary,1,Cake,Danny,F,45,0,7,0,0,0,0,0,1,0,,
Series 3,Mary,1,Cake,James,M,21,0,2,0,0,0,0,0,1,0,,
Series 3,Mary,1,Cake,John,M,23,0,11,0,0,0,0,0,1,1,,
Series 3,Mary,1,Cake,Manisha,F,27,0,6,0,0,0,0,0,1,0,,
Series 3,Mary,1,Cake,Natasha,F,36,0,12,0,0,1,0,1,1,0,,
Series 3,Mary,1,Cake,Peter,M,43,0,3,0,0,0,0,0,1,0,,
Series 3,Mary,1,Cake,Ryan,M,38,0,8,0,0,0,0,0,1,0,,
Series 3,Mary,1,Cake,Sarah-Jane,F,28,0,1,0,0,0,0,0,1,0,,
Series 3,Mary,1,Cake,Stuart,M,26,0,9,0,0,1,0,0,1,0,,
Series 3,Mary,1,Cake,Victoria,F,50,0,4,0,1,0,1,0,1,0,,
Series 3,Mary,2,Bread,Brenden,M,63,0,4,0,1,0,0,0,1,0,,
Series 3,Mary,2,Bread,Cathryn,F,27,0,8,0,0,0,0,0,1,0,,
Series 3,Mary,2,Bread,Danny,F,45,0,3,0,0,0,0,0,1,0,,
Series 3,Mary,2,Bread,James,M,21,0,2,0,1,0,0,0,1,0,,
Series 3,Mary,2,Bread,John,M,23,0,1,0,1,0,1,0,1,1,,
Series 3,Mary,2,Bread,Manisha,F,27,0,6,0,0,0,0,0,1,0,,
Series 3,Mary,2,Bread,Natasha,F,36,0,,0,0,0,0,0,0,0,,
Series 3,Mary,2,Bread,Peter,M,43,0,11,0,0,1,0,1,1,0,,
Series 3,Mary,2,Bread,Ryan,M,38,0,5,0,0,0,0,0,1,0,,
Series 3,Mary,2,Bread,Sarah-Jane,F,28,0,10,0,0,0,0,0,1,0,,
Series 3,Mary,2,Bread,Stuart,M,26,0,9,0,0,1,0,0,1,0,,
Series 3,Mary,2,Bread,Victoria,F,50,0,7,0,0,1,0,0,1,0,,
Series 3,Mary,3,Tarts,Brenden,M,63,0,9,0,0,1,0,0,1,0,,
Series 3,Mary,3,Tarts,Cathryn,F,27,0,3,0,0,0,0,0,1,0,,
Series 3,Mary,3,Tarts,Danny,F,45,0,2,0,0,0,0,0,1,0,,
Series 3,Mary,3,Tarts,James,M,21,0,1,0,1,0,1,0,1,0,,
Series 3,Mary,3,Tarts,John,M,23,0,6,0,0,0,0,0,1,1,,
Series 3,Mary,3,Tarts,Manisha,F,27,0,10,0,0,0,0,0,1,0,,
Series 3,Mary,3,Tarts,Natasha,F,36,0,,0,0,0,0,0,0,0,,
Series 3,Mary,3,Tarts,Peter,M,43,0,,0,0,0,0,0,0,0,,
Series 3,Mary,3,Tarts,Ryan,M,38,0,5,0,0,0,0,0,1,0,,
Series 3,Mary,3,Tarts,Sarah-Jane,F,28,0,8,0,0,0,0,0,1,0,,
Series 3,Mary,3,Tarts,Stuart,M,26,0,7,0,1,0,0,0,1,0,,
Series 3,Mary,3,Tarts,Victoria,F,50,0,4,0,0,1,0,1,1,0,,
Series 3,Mary,4,Dessert,Brenden,M,63,0,1,0,0,0,1,0,1,0,,
Series 3,Mary,4,Dessert,Cathryn,F,27,0,3,0,0,0,0,0,1,0,,
Series 3,Mary,4,Dessert,Danny,F,45,0,2,0,1,0,0,0,1,0,,
Series 3,Mary,4,Dessert,James,M,21,0,5,0,0,0,0,0,1,0,,
Series 3,Mary,4,Dessert,John,M,23,0,6,0,0,0,0,0,1,1,,
Series 3,Mary,4,Dessert,Manisha,F,27,0,9,0,0,1,0,0,1,0,,
Series 3,Mary,4,Dessert,Natasha,F,36,0,,0,0,0,0,0,0,0,,
Series 3,Mary,4,Dessert,Peter,M,43,0,,0,0,0,0,0,0,0,,
Series 3,Mary,4,Dessert,Ryan,M,38,0,7,0,0,1,0,0,1,0,,
Series 3,Mary,4,Dessert,Sarah-Jane,F,28,0,4,0,0,0,0,0,1,0,,
Series 3,Mary,4,Dessert,Stuart,M,26,0,8,0,0,0,0,1,1,0,,
Series 3,Mary,4,Dessert,Victoria,F,50,0,,0,0,0,0,0,0,0,,
Series 3,Mary,5,Pie,Brenden,M,63,0,3,0,1,0,0,0,1,0,,
Series 3,Mary,5,Pie,Cathryn,F,27,0,1,0,0,0,0,0,1,0,,
Series 3,Mary,5,Pie,Danny,F,45,0,7,0,0,1,0,0,1,0,,
Series 3,Mary,5,Pie,James,M,21,0,6,0,0,0,0,0,1,0,,
Series 3,Mary,5,Pie,John,M,23,0,2,0,0,0,0,0,1,1,,
Series 3,Mary,5,Pie,Manisha,F,27,0,5,0,0,1,0,1,1,0,,
Series 3,Mary,5,Pie,Natasha,F,36,0,,0,0,0,0,0,0,0,,
Series 3,Mary,5,Pie,Peter,M,43,0,,0,0,0,0,0,0,0,,
Series 3,Mary,5,Pie,Ryan,M,38,0,8,0,1,0,1,0,1,0,,
Series 3,Mary,5,Pie,Sarah-Jane,F,28,0,4,0,0,1,0,0,1,0,,
Series 3,Mary,5,Pie,Stuart,M,26,0,,0,0,0,0,0,0,0,,
Series 3,Mary,5,Pie,Victoria,F,50,0,,0,0,0,0,0,0,0,,
Series 3,Mary,6,Pudding,Brenden,M,63,0,1,0,1,0,1,0,1,0,,
Series 3,Mary,6,Pudding,Cathryn,F,27,0,3,0,0,0,0,0,1,0,,
Series 3,Mary,6,Pudding,Danny,F,45,0,2,0,1,0,0,0,1,0,,
Series 3,Mary,6,Pudding,James,M,21,0,7,0,0,1,0,0,1,0,,
Series 3,Mary,6,Pudding,John,M,23,0,5,0,0,1,0,0,1,1,,
Series 3,Mary,6,Pudding,Manisha,F,27,0,,0,0,0,0,0,0,0,,
Series 3,Mary,6,Pudding,Natasha,F,36,0,,0,0,0,0,0,0,0,,
Series 3,Mary,6,Pudding,Peter,M,43,0,,0,0,0,0,0,0,0,,
Series 3,Mary,6,Pudding,Ryan,M,38,0,6,0,0,0,0,0,1,0,,
Series 3,Mary,6,Pudding,Sarah-Jane,F,28,0,4,0,0,1,0,0,1,0,,
Series 3,Mary,6,Pudding,Stuart,M,26,0,,0,0,0,0,0,0,0,,
Series 3,Mary,6,Pudding,Victoria,F,50,0,,0,0,0,0,0,0,0,,
Series 3,Mary,7,Sweet Dough,Brenden,M,63,0,4,0,1,0,0,0,1,0,,
Series 3,Mary,7,Sweet Dough,Cathryn,F,27,0,5,0,0,1,0,0,1,0,,
Series 3,Mary,7,Sweet Dough,Danny,F,45,0,2,0,1,0,1,0,1,0,,
Series 3,Mary,7,Sweet Dough,James,M,21,0,1,0,0,0,0,0,1,0,,
Series 3,Mary,7,Sweet Dough,John,M,23,0,3,0,0,1,0,0,1,1,,
Series 3,Mary,7,Sweet Dough,Manisha,F,27,0,,0,0,0,0,0,0,0,,
Series 3,Mary,7,Sweet Dough,Natasha,F,36,0,,0,0,0,0,0,0,0,,
Series 3,Mary,7,Sweet Dough,Peter,M,43,0,,0,0,0,0,0,0,0,,
Series 3,Mary,7,Sweet Dough,Ryan,M,38,1,6,0,0,0,0,1,1,0,,
Series 3,Mary,7,Sweet Dough,Sarah-Jane,F,28,0,7,0,0,0,0,1,1,0,,
Series 3,Mary,7,Sweet Dough,Stuart,M,26,0,,0,0,0,0,0,0,0,,
Series 3,Mary,7,Sweet Dough,Victoria,F,50,0,,0,0,0,0,0,0,0,,
Series 3,Mary,8,Biscuits,Brenden,M,63,0,2,0,0.5,0,0,0,1,0,,
Series 3,Mary,8,Biscuits,Cathryn,F,27,0,5,0,0,0,0,1,1,0,,
Series 3,Mary,8,Biscuits,Danny,F,45,0,4,0,0,0,0,0,1,0,,
Series 3,Mary,8,Biscuits,James,M,21,0,1,0,1,0,1,0,1,0,,
Series 3,Mary,8,Biscuits,John,M,23,0,3,0,1,0,0,0,1,1,,
Series 3,Mary,8,Biscuits,Manisha,F,27,0,,0,0,0,0,0,0,0,,
Series 3,Mary,8,Biscuits,Natasha,F,36,0,,0,0,0,0,0,0,0,,
Series 3,Mary,8,Biscuits,Peter,M,43,0,,0,0,0,0,0,0,0,,
Series 3,Mary,8,Biscuits,Ryan,M,38,0,,0,0,0,0,0,0,0,,
Series 3,Mary,8,Biscuits,Sarah-Jane,F,28,0,,0,0,0,0,0,0,0,,
Series 3,Mary,8,Biscuits,Stuart,M,26,0,,0,0,0,0,0,0,0,,
Series 3,Mary,8,Biscuits,Victoria,F,50,0,,0,0,0,0,0,0,0,,
Series 3,Mary,9,Pâtisserie,Brenden,M,63,0,3,0,1,0,0,0,1,0,,
Series 3,Mary,9,Pâtisserie,Cathryn,F,27,0,,0,0,0,0,0,0,0,,
Series 3,Mary,9,Pâtisserie,Danny,F,45,0,4,0,0,1,0,1,1,0,,
Series 3,Mary,9,Pâtisserie,James,M,21,0,1,0,1,0,1,0,1,0,,
Series 3,Mary,9,Pâtisserie,John,M,23,0,2,0,0,1,0,0,1,1,,
Series 3,Mary,9,Pâtisserie,Manisha,F,27,0,,0,0,0,0,0,0,0,,
Series 3,Mary,9,Pâtisserie,Natasha,F,36,0,,0,0,0,0,0,0,0,,
Series 3,Mary,9,Pâtisserie,Peter,M,43,0,,0,0,0,0,0,0,0,,
Series 3,Mary,9,Pâtisserie,Ryan,M,38,0,,0,0,0,0,0,0,0,,
Series 3,Mary,9,Pâtisserie,Sarah-Jane,F,28,0,,0,0,0,0,0,0,0,,
Series 3,Mary,9,Pâtisserie,Stuart,M,26,0,,0,0,0,0,0,0,0,,
Series 3,Mary,9,Pâtisserie,Victoria,F,50,0,,0,0,0,0,0,0,0,,
Series 3,Mary,10,Final,Brenden,M,63,0,2,0,0,0,0,1,1,0,,
Series 3,Mary,10,Final,Cathryn,F,27,0,,0,0,0,0,0,0,0,,
Series 3,Mary,10,Final,Danny,F,45,0,,0,0,0,0,0,0,0,,
Series 3,Mary,10,Final,James,M,21,0,1,0,0,0,0,1,1,0,,
Series 3,Mary,10,Final,John,M,23,0,2,0,0,0,1,0,1,1,,
Series 3,Mary,10,Final,Manisha,F,27,0,,0,0,0,0,0,0,0,,
Series 3,Mary,10,Final,Natasha,F,36,0,,0,0,0,0,0,0,0,,
Series 3,Mary,10,Final,Peter,M,43,0,,0,0,0,0,0,0,0,,
Series 3,Mary,10,Final,Ryan,M,38,0,,0,0,0,0,0,0,0,,
Series 3,Mary,10,Final,Sarah-Jane,F,28,0,,0,0,0,0,0,0,0,,
Series 3,Mary,10,Final,Stuart,M,26,0,,0,0,0,0,0,0,0,,
Series 3,Mary,10,Final,Victoria,F,50,0,,0,0,0,0,0,0,0,,
Series 4,Mary,1,Cake,Ali,M,25,0,11,0,0,1,0,0,1,0,,
Series 4,Mary,1,Cake,Beca,F,31,0,8,0,0,0,0,0,1,0,,
Series 4,Mary,1,Cake,Christine,F,66,0,3,0,0,0,0,0,1,0,,
Series 4,Mary,1,Cake,Deborah,F,51,0,9,0,0,0,0,0,1,0,,
Series 4,Mary,1,Cake,Frances,F,31,0,7,0,1,0,0,0,1,1,,
Series 4,Mary,1,Cake,Glenn,M,37,0,4,0,0,0,0,0,1,0,,
Series 4,Mary,1,Cake,Howard,M,51,0,6,0,1,0,0,0,1,0,,
Series 4,Mary,1,Cake,Kimberley,F,30,0,10,0,0,0,0,0,1,0,,
Series 4,Mary,1,Cake,Lucy,F,38,0,2,0,0,0,0,0,1,0,,
Series 4,Mary,1,Cake,Mark,M,37,0,5,0,0,0,0,0,1,0,,
Series 4,Mary,1,Cake,Robert,M,54,0,1,0,1,0,1,0,1,0,,
Series 4,Mary,1,Cake,Ruby,F,20,0,12,0,0,1,0,0,1,0,,
Series 4,Mary,1,Cake,Toby,M,30,0,13,0,0,1,0,1,1,0,,
Series 4,Mary,2,Bread,Ali,M,25,0,9,0,0,0,0,0,1,0,,
Series 4,Mary,2,Bread,Beca,F,31,0,11,0,0,1,0,0,1,0,,
Series 4,Mary,2,Bread,Christine,F,66,0,4,0,0,0,0,0,1,0,,
Series 4,Mary,2,Bread,Deborah,F,51,0,8,0,0,0,0,0,1,0,,
Series 4,Mary,2,Bread,Frances,F,31,0,2,0,0,0,0,0,1,1,,
Series 4,Mary,2,Bread,Glenn,M,37,0,7,0,0,0,0,0,1,0,,
Series 4,Mary,2,Bread,Howard,M,51,0,10,0,0,0,0,0,1,0,,
Series 4,Mary,2,Bread,Kimberley,F,30,0,1,0,1,0,0,0,1,0,,
Series 4,Mary,2,Bread,Lucy,F,38,0,12,0,0,1,0,1,1,0,,
Series 4,Mary,2,Bread,Mark,M,37,0,6,0,0,1,0,0,1,0,,
Series 4,Mary,2,Bread,Robert,M,54,0,5,0,0,0,0,0,1,0,,
Series 4,Mary,2,Bread,Ruby,F,20,0,3,0,1,0,1,0,1,0,,
Series 4,Mary,2,Bread,Toby,M,30,0,,0,0,0,0,0,0,0,,
Series 4,Mary,3,Dessert,Ali,M,25,0,5,0,0,0,0,0,1,0,,
Series 4,Mary,3,Dessert,Beca,F,31,0,10,0,0,0,0,0,1,0,,
Series 4,Mary,3,Dessert,Christine,F,66,0,4,0,1,0,1,0,1,0,,
Series 4,Mary,3,Dessert,Deborah,F,51,0,9,0,0,1,0,1,1,0,,
Series 4,Mary,3,Dessert,Frances,F,31,0,8,0,0,0,0,0,1,1,,
Series 4,Mary,3,Dessert,Glenn,M,37,0,1,0,0,0,0,0,1,0,,
Series 4,Mary,3,Dessert,Howard,M,51,0,7,0,0,1,0,0,1,0,,
Series 4,Mary,3,Dessert,Kimberley,F,30,0,6,0,0,0,0,0,1,0,,
Series 4,Mary,3,Dessert,Lucy,F,38,0,,0,0,0,0,0,0,0,,
Series 4,Mary,3,Dessert,Mark,M,37,0,11,0,0,1,0,1,1,0,,
Series 4,Mary,3,Dessert,Robert,M,54,0,2,0,0,0,0,0,1,0,,
Series 4,Mary,3,Dessert,Ruby,F,20,0,3,0,1,0,0,0,1,0,,
Series 4,Mary,3,Dessert,Toby,M,30,0,,0,0,0,0,0,0,0,,
Series 4,Mary,4,Pie and Tart,Ali,M,25,0,8,0,0,1,0,1,1,0,,
Series 4,Mary,4,Pie and Tart,Beca,F,31,0,2,0,0,0,0,0,1,0,,
Series 4,Mary,4,Pie and Tart,Christine,F,66,0,7,0,0,0,0,0,1,0,,
Series 4,Mary,4,Pie and Tart,Deborah,F,51,0,,0,0,0,0,0,0,0,,
Series 4,Mary,4,Pie and Tart,Frances,F,31,0,1,0,0,0,0,0,1,1,,
Series 4,Mary,4,Pie and Tart,Glenn,M,37,0,9,0,0,1,0,0,1,0,,
Series 4,Mary,4,Pie and Tart,Howard,M,51,0,5,0,0,0,0,0,1,0,,
Series 4,Mary,4,Pie and Tart,Kimberley,F,30,0,4,0,1,0,1,0,1,0,,
Series 4,Mary,4,Pie and Tart,Lucy,F,38,0,,0,0,0,0,0,0,0,,
Series 4,Mary,4,Pie and Tart,Mark,M,37,0,,0,0,0,0,0,0,0,,
Series 4,Mary,4,Pie and Tart,Robert,M,54,0,3,0,0,1,0,0,1,0,,
Series 4,Mary,4,Pie and Tart,Ruby,F,20,0,6,0,1,0,0,0,1,0,,
Series 4,Mary,4,Pie and Tart,Toby,M,30,0,,0,0,0,0,0,0,0,,
Series 4,Mary,5,Biscuits,Ali,M,25,0,,0,0,0,0,0,0,0,,
Series 4,Mary,5,Biscuits,Beca,F,31,0,5,0,0,0,0,0,1,0,,
Series 4,Mary,5,Biscuits,Christine,F,66,0,1,0,1,0,1,0,1,0,,
Series 4,Mary,5,Biscuits,Deborah,F,51,0,,0,0,0,0,0,0,0,,
Series 4,Mary,5,Biscuits,Frances,F,31,0,3,0,0,0,0,0,1,1,,
Series 4,Mary,5,Biscuits,Glenn,M,37,0,2,0,1,0,0,0,1,0,,
Series 4,Mary,5,Biscuits,Howard,M,51,0,8,0,0,0,0,0,1,0,,
Series 4,Mary,5,Biscuits,Kimberley,F,30,0,7,0,0,1,0,0,1,0,,
Series 4,Mary,5,Biscuits,Lucy,F,38,0,,0,0,0,0,0,0,0,,
Series 4,Mary,5,Biscuits,Mark,M,37,0,,0,0,0,0,0,0,0,,
Series 4,Mary,5,Biscuits,Robert,M,54,0,4,0,0,1,0,1,1,0,,
Series 4,Mary,5,Biscuits,Ruby,F,20,0,6,0,0,1,0,0,1,0,,
Series 4,Mary,5,Biscuits,Toby,M,30,0,,0,0,0,0,0,0,0,,
Series 4,Mary,6,Sweet Dough,Ali,M,25,0,,0,0,0,0,0,0,0,,
Series 4,Mary,6,Sweet Dough,Beca,F,31,0,6,0,0,0,0,0,1,0,,
Series 4,Mary,6,Sweet Dough,Christine,F,66,0,4,0,0,0,0,0,1,0,,
Series 4,Mary,6,Sweet Dough,Deborah,F,51,0,,0,0,0,0,0,0,0,,
Series 4,Mary,6,Sweet Dough,Frances,F,31,0,2,0,1,0,0,0,1,1,,
Series 4,Mary,6,Sweet Dough,Glenn,M,37,0,5,0,0,1,0,0,1,0,,
Series 4,Mary,6,Sweet Dough,Howard,M,51,0,7,0,0,1,0,1,1,0,,
Series 4,Mary,6,Sweet Dough,Kimberley,F,30,0,3,0,0,0,0,0,1,0,,
Series 4,Mary,6,Sweet Dough,Lucy,F,38,0,,0,0,0,0,0,0,0,,
Series 4,Mary,6,Sweet Dough,Mark,M,37,0,,0,0,0,0,0,0,0,,
Series 4,Mary,6,Sweet Dough,Robert,M,54,0,,0,0,0,0,0,0,0,,
Series 4,Mary,6,Sweet Dough,Ruby,F,20,0,1,0,1,0,1,0,1,0,,
Series 4,Mary,6,Sweet Dough,Toby,M,30,0,,0,0,0,0,0,0,0,,
Series 4,Mary,7,Pastry,Ali,M,25,0,,0,0,0,0,0,0,0,,
Series 4,Mary,7,Pastry,Beca,F,31,0,1,0,1,0,0,0,1,0,,
Series 4,Mary,7,Pastry,Christine,F,66,0,6,0,0,1,0,0,1,0,,
Series 4,Mary,7,Pastry,Deborah,F,51,0,,0,0,0,0,0,0,0,,
Series 4,Mary,7,Pastry,Frances,F,31,0,5,0,1,0,1,0,1,1,,
Series 4,Mary,7,Pastry,Glenn,M,37,0,3,0,0,1,0,1,1,0,,
Series 4,Mary,7,Pastry,Howard,M,51,0,,0,0,0,0,0,0,0,,
Series 4,Mary,7,Pastry,Kimberley,F,30,0,4,0,0,0,0,0,1,0,,
Series 4,Mary,7,Pastry,Lucy,F,38,0,,0,0,0,0,0,0,0,,
Series 4,Mary,7,Pastry,Mark,M,37,0,,0,0,0,0,0,0,0,,
Series 4,Mary,7,Pastry,Robert,M,54,0,,0,0,0,0,0,0,0,,
Series 4,Mary,7,Pastry,Ruby,F,20,0,2,0,0,0,0,0,1,0,,
Series 4,Mary,7,Pastry,Toby,M,30,0,,0,0,0,0,0,0,0,,
Series 4,Mary,8,Unconventional,Ali,M,25,0,,0,0,0,0,0,0,0,,
Series 4,Mary,8,Unconventional,Beca,F,31,0,4,0,0,1,0,0,1,0,,
Series 4,Mary,8,Unconventional,Christine,F,66,0,5,0,0,1,0,1,1,0,,
Series 4,Mary,8,Unconventional,Deborah,F,51,0,,0,0,0,0,0,0,0,,
Series 4,Mary,8,Unconventional,Frances,F,31,0,3,0,0,1,0,0,1,1,,
Series 4,Mary,8,Unconventional,Glenn,M,37,0,,0,0,0,0,0,0,0,,
Series 4,Mary,8,Unconventional,Howard,M,51,0,,0,0,0,0,0,0,0,,
Series 4,Mary,8,Unconventional,Kimberley,F,30,0,2,0,1,0,0,0,1,0,,
Series 4,Mary,8,Unconventional,Lucy,F,38,0,,0,0,0,0,0,0,0,,
Series 4,Mary,8,Unconventional,Mark,M,37,0,,0,0,0,0,0,0,0,,
Series 4,Mary,8,Unconventional,Robert,M,54,0,,0,0,0,0,0,0,0,,
Series 4,Mary,8,Unconventional,Ruby,F,20,0,1,0,1,0,1,0,1,0,,
Series 4,Mary,8,Unconventional,Toby,M,30,0,,0,0,0,0,0,0,0,,
Series 4,Mary,9,Pâtisserie,Ali,M,25,0,,0,0,0,0,0,0,0,,
Series 4,Mary,9,Pâtisserie,Beca,F,31,0,3,0,0,1,0,1,1,0,,
Series 4,Mary,9,Pâtisserie,Christine,F,66,0,,0,0,0,0,0,0,0,,
Series 4,Mary,9,Pâtisserie,Deborah,F,51,0,,0,0,0,0,0,0,0,,
Series 4,Mary,9,Pâtisserie,Frances,F,31,1,2,0,1,0,0,0,1,1,,
Series 4,Mary,9,Pâtisserie,Glenn,M,37,0,,0,0,0,0,0,0,0,,
Series 4,Mary,9,Pâtisserie,Howard,M,51,0,,0,0,0,0,0,0,0,,
Series 4,Mary,9,Pâtisserie,Kimberley,F,30,0,1,0,1,0,1,0,1,0,,
Series 4,Mary,9,Pâtisserie,Lucy,F,38,0,,0,0,0,0,0,0,0,,
Series 4,Mary,9,Pâtisserie,Mark,M,37,0,,0,0,0,0,0,0,0,,
Series 4,Mary,9,Pâtisserie,Robert,M,54,0,,0,0,0,0,0,1,0,,
Series 4,Mary,9,Pâtisserie,Ruby,F,20,0,4,0,0,1,0,0,0,0,,
Series 4,Mary,9,Pâtisserie,Toby,M,30,0,,0,0,0,0,0,0,0,,
Series 4,Mary,10,Final,Ali,M,25,0,,0,0,0,0,0,0,0,,
Series 4,Mary,10,Final,Beca,F,31,0,,0,0,0,0,0,0,0,,
Series 4,Mary,10,Final,Christine,F,66,0,,0,0,0,0,0,0,0,,
Series 4,Mary,10,Final,Deborah,F,51,0,,0,0,0,0,0,0,0,,
Series 4,Mary,10,Final,Frances,F,31,0,3,0,0,0,1,0,1,1,,
Series 4,Mary,10,Final,Glenn,M,37,0,,0,0,0,0,0,0,0,,
Series 4,Mary,10,Final,Howard,M,51,0,,0,0,0,0,0,0,0,,
Series 4,Mary,10,Final,Kimberley,F,30,0,1,0,0,0,0,1,1,0,,
Series 4,Mary,10,Final,Lucy,F,38,0,,0,0,0,0,0,0,0,,
Series 4,Mary,10,Final,Mark,M,37,0,,0,0,0,0,0,0,0,,
Series 4,Mary,10,Final,Robert,M,54,0,,0,0,0,0,0,0,0,,
Series 4,Mary,10,Final,Ruby,F,20,0,2,0,0,0,0,1,1,0,,
Series 4,Mary,10,Final,Toby,M,30,0,,0,0,0,0,0,0,0,,
Series 5,Mary,1,Cake,Chetna,F,35,0,3,0,0,0,0,0,1,0,,
Series 5,Mary,1,Cake,Claire,F,31,0,8,0,0,1,0,1,1,0,,
Series 5,Mary,1,Cake,Diana,F,69,0,5,0,0,0,0,0,1,0,,
Series 5,Mary,1,Cake,Enwezor,M,39,0,9,0,0,0,0,0,1,0,,
Series 5,Mary,1,Cake,Iain,M,31,0,4,0,0,1,0,0,1,0,,
Series 5,Mary,1,Cake,Jordan,M,32,0,12,0,0,1,0,0,1,0,,
Series 5,Mary,1,Cake,Kate,F,41,0,6,0,0,0,0,0,1,0,,
Series 5,Mary,1,Cake,Luis,M,42,0,7,0,0,0,0,0,1,0,,
Series 5,Mary,1,Cake,Martha,F,17,0,2,0,1,0,0,0,1,0,,
Series 5,Mary,1,Cake,Nancy,F,60,0,1,0,1,0,1,0,1,1,,
Series 5,Mary,1,Cake,Norman,M,66,0,11,0,0,0,0,0,1,0,,
Series 5,Mary,1,Cake,Richard,M,38,0,10,0,1,0,0,0,1,0,,
Series 5,Mary,2,Biscuits,Chetna,F,35,0,8,0,0,0,0,0,1,0,,
Series 5,Mary,2,Biscuits,Claire,F,31,0,,0,0,0,0,0,0,0,,
Series 5,Mary,2,Biscuits,Diana,F,69,0,7,0,0,0,0,0,1,0,,
Series 5,Mary,2,Biscuits,Enwezor,M,39,0,9,0,0,1,0,1,1,0,,
Series 5,Mary,2,Biscuits,Iain,M,31,0,11,0,0,0,0,0,1,0,,
Series 5,Mary,2,Biscuits,Jordan,M,32,0,6,0,0,0,0,0,1,0,,
Series 5,Mary,2,Biscuits,Kate,F,41,0,4,0,0,0,0,0,1,0,,
Series 5,Mary,2,Biscuits,Luis,M,42,0,3,0,1,0,0,0,1,0,,
Series 5,Mary,2,Biscuits,Martha,F,17,0,5,0,0,0,0,0,1,0,,
Series 5,Mary,2,Biscuits,Nancy,F,60,0,2,0,0,0,0,0,1,1,,
Series 5,Mary,2,Biscuits,Norman,M,66,1,10,0,0,1,0,0,1,0,,
Series 5,Mary,2,Biscuits,Richard,M,38,0,1,0,1,0,1,0,1,0,,
Series 5,Mary,3,Bread,Chetna,F,35,0,8,0,0,0,0,0,1,0,,
Series 5,Mary,3,Bread,Claire,F,31,0,,0,0,0,0,0,0,0,,
Series 5,Mary,3,Bread,Diana,F,69,0,7,0,0,0,0,0,1,0,,
Series 5,Mary,3,Bread,Enwezor,M,39,0,,0,0,0,0,0,0,0,,
Series 5,Mary,3,Bread,Iain,M,31,0,9,0,0,0,0,0,1,0,,
Series 5,Mary,3,Bread,Jordan,M,32,0,10,0,0,1,0,1,1,0,,
Series 5,Mary,3,Bread,Kate,F,41,0,1,0,1,0,0,0,1,0,,
Series 5,Mary,3,Bread,Luis,M,42,1,2,0,1,0,1,0,1,0,,
Series 5,Mary,3,Bread,Martha,F,17,0,3,0,0,0,0,0,1,0,,
Series 5,Mary,3,Bread,Nancy,F,60,0,5,0,0,0,0,0,1,1,,
Series 5,Mary,3,Bread,Norman,M,66,0,4,0,0,1,0,0,1,0,,
Series 5,Mary,3,Bread,Richard,M,38,0,6,0,0,0,0,0,1,0,,
Series 5,Mary,4,Dessert,Chetna,F,35,0,3,0,0,0,0,0,1,0,,
Series 5,Mary,4,Dessert,Claire,F,31,0,,0,0,0,0,0,0,0,,
Series 5,Mary,4,Dessert,Diana,F,69,0,9,0,0,0,0,0,1,0,,
Series 5,Mary,4,Dessert,Enwezor,M,39,0,,0,0,0,0,0,0,0,,
Series 5,Mary,4,Dessert,Iain,M,31,0,6,0,0,1,0,1,1,0,,
Series 5,Mary,4,Dessert,Jordan,M,32,0,,0,0,0,0,0,0,0,,
Series 5,Mary,4,Dessert,Kate,F,41,0,7,0,1,0,0,0,1,0,,
Series 5,Mary,4,Dessert,Luis,M,42,0,2,0,0,0,0,0,1,0,,
Series 5,Mary,4,Dessert,Martha,F,17,0,1,0,0,0,0,0,1,0,,
Series 5,Mary,4,Dessert,Nancy,F,60,0,4,0,0,0,0,0,1,1,,
Series 5,Mary,4,Dessert,Norman,M,66,0,8,0,0,1,0,0,1,0,,
Series 5,Mary,4,Dessert,Richard,M,38,0,5,0,1,0,1,0,1,0,,
Series 5,Mary,5,Pie and Tart,Chetna,F,35,0,2,0,0,0,0,0,1,0,,
Series 5,Mary,5,Pie and Tart,Claire,F,31,0,,0,0,0,0,0,0,0,,
Series 5,Mary,5,Pie and Tart,Diana,F,69,0,,0,0,0,0,0,0,0,,
Series 5,Mary,5,Pie and Tart,Enwezor,M,39,0,,0,0,0,0,0,0,0,,
Series 5,Mary,5,Pie and Tart,Iain,M,31,0,,0,0,0,0,0,0,0,,
Series 5,Mary,5,Pie and Tart,Jordan,M,32,0,,0,0,0,0,0,0,0,,
Series 5,Mary,5,Pie and Tart,Kate,F,41,0,3,0,1,0,1,0,1,0,,
Series 5,Mary,5,Pie and Tart,Luis,M,42,0,6,0,0,0,0,0,1,0,,
Series 5,Mary,5,Pie and Tart,Martha,F,17,0,1,0,0,1,0,0,1,0,,
Series 5,Mary,5,Pie and Tart,Nancy,F,60,0,4,0,1,0,0,0,1,1,,
Series 5,Mary,5,Pie and Tart,Norman,M,66,0,5,0,0,1,0,1,1,0,,
Series 5,Mary,5,Pie and Tart,Richard,M,38,0,7,0,0,1,0,0,1,0,,
Series 5,Mary,6,European Cakes,Chetna,F,35,0,2,0,1,0,1,0,1,0,,
Series 5,Mary,6,European Cakes,Claire,F,31,0,,0,0,0,0,0,0,0,,
Series 5,Mary,6,European Cakes,Diana,F,69,0,,0,0,0,0,0,0,0,,
Series 5,Mary,6,European Cakes,Enwezor,M,39,0,,0,0,0,0,0,0,0,,
Series 5,Mary,6,European Cakes,Iain,M,31,0,,0,0,0,0,0,0,0,,
Series 5,Mary,6,European Cakes,Jordan,M,32,0,,0,0,0,0,0,0,0,,
Series 5,Mary,6,European Cakes,Kate,F,41,0,6,0,0,1,0,0,1,0,,
Series 5,Mary,6,European Cakes,Luis,M,42,0,3,0,1,0,0,0,1,0,,
Series 5,Mary,6,European Cakes,Martha,F,17,0,4,0,0,0,0,0,1,0,,
Series 5,Mary,6,European Cakes,Nancy,F,60,0,1,0,1,0,0,0,1,1,,
Series 5,Mary,6,European Cakes,Norman,M,66,0,,0,0,0,0,0,0,0,,
Series 5,Mary,6,European Cakes,Richard,M,38,0,5,0,0,1,0,0,1,0,,
Series 5,Mary,7,Pastry,Chetna,F,35,0,6,0,0,0,0,0,1,0,,
Series 5,Mary,7,Pastry,Claire,F,31,0,,0,0,0,0,0,0,0,,
Series 5,Mary,7,Pastry,Diana,F,69,0,,0,0,0,0,0,0,0,,
Series 5,Mary,7,Pastry,Enwezor,M,39,0,,0,0,0,0,0,0,0,,
Series 5,Mary,7,Pastry,Iain,M,31,0,,0,0,0,0,0,0,0,,
Series 5,Mary,7,Pastry,Jordan,M,32,0,,0,0,0,0,0,0,0,,
Series 5,Mary,7,Pastry,Kate,F,41,0,4,0,0,1,0,1,1,0,,
Series 5,Mary,7,Pastry,Luis,M,42,0,5,0,0,0,0,0,1,0,,
Series 5,Mary,7,Pastry,Martha,F,17,0,3,0,0,1,0,0,1,0,,
Series 5,Mary,7,Pastry,Nancy,F,60,0,2,0,1,0,0,0,1,1,,
Series 5,Mary,7,Pastry,Norman,M,66,0,,0,0,0,0,0,0,0,,
Series 5,Mary,7,Pastry,Richard,M,38,0,1,0,0,0,1,0,1,0,,
Series 5,Mary,8,Advanced Dough,Chetna,F,35,0,1,0,0,0,0,0,1,0,,
Series 5,Mary,8,Advanced Dough,Claire,F,31,0,,0,0,0,0,0,0,0,,
Series 5,Mary,8,Advanced Dough,Diana,F,69,0,,0,0,0,0,0,0,0,,
Series 5,Mary,8,Advanced Dough,Enwezor,M,39,0,,0,0,0,0,0,0,0,,
Series 5,Mary,8,Advanced Dough,Iain,M,31,0,,0,0,0,0,0,0,0,,
Series 5,Mary,8,Advanced Dough,Jordan,M,32,0,,0,0,0,0,0,0,0,,
Series 5,Mary,8,Advanced Dough,Kate,F,41,0,,0,0,0,0,0,0,0,,
Series 5,Mary,8,Advanced Dough,Luis,M,42,0,2,0,1,0,0,0,1,0,,
Series 5,Mary,8,Advanced Dough,Martha,F,17,0,5,0,0,1,0,1,1,0,,
Series 5,Mary,8,Advanced Dough,Nancy,F,60,0,3,0,0.5,0,0,0,1,1,,
Series 5,Mary,8,Advanced Dough,Norman,M,66,0,,0,0,0,0,0,0,0,,
Series 5,Mary,8,Advanced Dough,Richard,M,38,0,4,0,1,0,1,0,1,0,,
Series 5,Mary,9,Pâtisserie,Chetna,F,35,0,4,0,0,1,0,1,1,0,,
Series 5,Mary,9,Pâtisserie,Claire,F,31,0,,0,0,0,0,0,0,0,,
Series 5,Mary,9,Pâtisserie,Diana,F,69,0,,0,0,0,0,0,0,0,,
Series 5,Mary,9,Pâtisserie,Enwezor,M,39,0,,0,0,0,0,0,0,0,,
Series 5,Mary,9,Pâtisserie,Iain,M,31,0,,0,0,0,0,0,0,0,,
Series 5,Mary,9,Pâtisserie,Jordan,M,32,0,,0,0,0,0,0,0,0,,
Series 5,Mary,9,Pâtisserie,Kate,F,41,0,,0,0,0,0,0,0,0,,
Series 5,Mary,9,Pâtisserie,Luis,M,42,0,1,0,1,0,0,0,1,0,,
Series 5,Mary,9,Pâtisserie,Martha,F,17,0,,0,0,0,0,0,0,0,,
Series 5,Mary,9,Pâtisserie,Nancy,F,60,0,3,0,0,1,0,0,1,1,,
Series 5,Mary,9,Pâtisserie,Norman,M,66,0,,0,0,0,0,0,0,0,,
Series 5,Mary,9,Pâtisserie,Richard,M,38,0,2,0,1,0,1,0,1,0,,
Series 5,Mary,10,Final,Chetna,F,35,0,,0,0,0,0,0,0,0,,
Series 5,Mary,10,Final,Claire,F,31,0,,0,0,0,0,0,0,0,,
Series 5,Mary,10,Final,Diana,F,69,0,,0,0,0,0,0,0,0,,
Series 5,Mary,10,Final,Enwezor,M,39,0,,0,0,0,0,0,0,0,,
Series 5,Mary,10,Final,Iain,M,31,0,,0,0,0,0,0,0,0,,
Series 5,Mary,10,Final,Jordan,M,32,0,,0,0,0,0,0,0,0,,
Series 5,Mary,10,Final,Kate,F,41,0,,0,0,0,0,0,0,0,,
Series 5,Mary,10,Final,Luis,M,42,0,2,0,0,0,0,1,1,0,,
Series 5,Mary,10,Final,Martha,F,17,0,,0,0,0,0,0,0,0,,
Series 5,Mary,10,Final,Nancy,F,60,0,1,0,0,0,1,0,1,1,,
Series 5,Mary,10,Final,Norman,M,66,0,,0,0,0,0,0,0,0,,
Series 5,Mary,10,Final,Richard,M,38,0,3,0,0,0,0,1,1,0,,
Series 6,Mary,1,Cake,Alvin,M,37,0,2,0,0,0,0,0,1,0,,
Series 6,Mary,1,Cake,Dorret,F,53,0,5,0,0,1,0,0,1,0,,
Series 6,Mary,1,Cake,Flora,F,19,0,6,0,1,0,0,0,1,0,,
Series 6,Mary,1,Cake,Ian,M,41,0,8,0,0,0,0,0,1,0,,
Series 6,Mary,1,Cake,Marie,F,66,0,3,0,1,0,1,0,1,0,,
Series 6,Mary,1,Cake,Mat,M,37,0,7,0,0,0,0,0,1,0,,
Series 6,Mary,1,Cake,Nadiya,F,30,0,12,0,1,0,0,0,1,1,,
Series 6,Mary,1,Cake,Paul,M,49,0,10,0,0,0,0,0,1,0,,
Series 6,Mary,1,Cake,Sandy,F,49,0,9,0,0,0,0,0,1,0,,
Series 6,Mary,1,Cake,Stu,M,35,0,11,0,0,1,0,1,1,0,,
Series 6,Mary,1,Cake,Tamal,M,29,0,4,0,1,0,0,0,1,0,,
Series 6,Mary,1,Cake,Ugnė,F,32,0,1,0,0,1,0,0,1,0,,
Series 6,Mary,2,Biscuits,Alvin,M,37,0,6,0,0,0,0,0,1,0,,
Series 6,Mary,2,Biscuits,Dorret,F,53,0,1,0,0,1,0,0,1,0,,
Series 6,Mary,2,Biscuits,Flora,F,19,0,2,0,0,0,0,0,1,0,,
Series 6,Mary,2,Biscuits,Ian,M,41,0,3,0,1,0,1,0,1,0,,
Series 6,Mary,2,Biscuits,Marie,F,66,0,11,0,0,1,0,1,1,0,,
Series 6,Mary,2,Biscuits,Mat,M,37,0,5,0,1,0,0,0,1,0,,
Series 6,Mary,2,Biscuits,Nadiya,F,30,0,9,0,0,0,0,0,1,1,,
Series 6,Mary,2,Biscuits,Paul,M,49,0,10,0,0,1,0,0,1,0,,
Series 6,Mary,2,Biscuits,Sandy,F,49,0,4,0,1,0,0,0,1,0,,
Series 6,Mary,2,Biscuits,Stu,M,35,0,,0,0,0,0,0,0,0,,
Series 6,Mary,2,Biscuits,Tamal,M,29,0,8,0,0,0,0,0,1,0,,
Series 6,Mary,2,Biscuits,Ugnė,F,32,0,7,0,0,0,0,0,1,0,,
Series 6,Mary,3,Bread,Alvin,M,37,0,4,0,1,0,0,0,1,0,,
Series 6,Mary,3,Bread,Dorret,F,53,0,6,0,0,1,0,1,1,0,,
Series 6,Mary,3,Bread,Flora,F,19,0,2,0,0,0,0,0,1,0,,
Series 6,Mary,3,Bread,Ian,M,41,0,1,0,1,0,1,0,1,0,,
Series 6,Mary,3,Bread,Marie,F,66,0,,0,0,0,0,0,0,0,,
Series 6,Mary,3,Bread,Mat,M,37,0,8,0,0,1,0,0,1,0,,
Series 6,Mary,3,Bread,Nadiya,F,30,0,9,0,0,0,0,0,1,1,,
Series 6,Mary,3,Bread,Paul,M,49,1,10,0,1,0,0,0,1,0,,
Series 6,Mary,3,Bread,Sandy,F,49,0,7,0,0,0,0,0,1,0,,
Series 6,Mary,3,Bread,Stu,M,35,0,,0,0,0,0,0,0,0,,
Series 6,Mary,3,Bread,Tamal,M,29,0,3,0,0,0,0,0,1,0,,
Series 6,Mary,3,Bread,Ugnė,F,32,0,5,0,0,0,0,0,1,0,,
Series 6,Mary,4,Dessert,Alvin,M,37,0,9,0,0,1,0,0,1,0,,
Series 6,Mary,4,Dessert,Dorret,F,53,0,,0,0,0,0,0,0,0,,
Series 6,Mary,4,Dessert,Flora,F,19,0,3,0,0,0,0,0,1,0,,
Series 6,Mary,4,Dessert,Ian,M,41,0,4,0,1,0,1,0,1,0,,
Series 6,Mary,4,Dessert,Marie,F,66,0,,0,0,0,0,0,0,0,,
Series 6,Mary,4,Dessert,Mat,M,37,0,7,0,0,0,0,0,1,0,,
Series 6,Mary,4,Dessert,Nadiya,F,30,0,8,0,1,0,0,0,1,1,,
Series 6,Mary,4,Dessert,Paul,M,49,0,1,0,0,1,0,0,1,0,,
Series 6,Mary,4,Dessert,Sandy,F,49,0,6,0,0,1,0,1,1,0,,
Series 6,Mary,4,Dessert,Stu,M,35,0,,0,0,0,0,0,0,0,,
Series 6,Mary,4,Dessert,Tamal,M,29,0,5,0,1,0,0,0,1,0,,
Series 6,Mary,4,Dessert,Ugnė,F,32,0,2,0,0,0,0,0,1,0,,
Series 6,Mary,5,Alternative,Alvin,M,37,0,8,0,0,0,0,0,1,0,,
Series 6,Mary,5,Alternative,Dorret,F,53,0,,0,0,0,0,0,0,0,,
Series 6,Mary,5,Alternative,Flora,F,19,0,3,0,0,1,0,0,1,0,,
Series 6,Mary,5,Alternative,Ian,M,41,0,5,0,0,0,0,0,1,0,,
Series 6,Mary,5,Alternative,Marie,F,66,0,,0,0,0,0,0,0,0,,
Series 6,Mary,5,Alternative,Mat,M,37,0,4,0,0,0,0,0,1,0,,
Series 6,Mary,5,Alternative,Nadiya,F,30,0,1,0,1,0,1,0,1,1,,
Series 6,Mary,5,Alternative,Paul,M,49,0,2,0,1,0,0,0,1,0,,
Series 6,Mary,5,Alternative,Sandy,F,49,0,,0,0,0,0,0,0,0,,
Series 6,Mary,5,Alternative,Stu,M,35,0,,0,0,0,0,0,0,0,,
Series 6,Mary,5,Alternative,Tamal,M,29,0,7,0,0,0,0,0,1,0,,
Series 6,Mary,5,Alternative,Ugnė,F,32,0,6,0,0,1,0,1,1,0,,
Series 6,Mary,6,Pastry,Alvin,M,37,0,6,0,0,1,0,1,1,0,,
Series 6,Mary,6,Pastry,Dorret,F,53,0,,0,0,0,0,0,0,0,,
Series 6,Mary,6,Pastry,Flora,F,19,0,2,0,1,0,0,0,1,0,,
Series 6,Mary,6,Pastry,Ian,M,41,0,3,0,0,0,0,0,1,0,,
Series 6,Mary,6,Pastry,Marie,F,66,0,,0,0,0,0,0,0,0,,
Series 6,Mary,6,Pastry,Mat,M,37,0,1,0,1,0,1,0,1,0,,
Series 6,Mary,6,Pastry,Nadiya,F,30,0,4,0,0,1,0,0,1,1,,
Series 6,Mary,6,Pastry,Paul,M,49,0,5,0,0,0,0,0,1,0,,
Series 6,Mary,6,Pastry,Sandy,F,49,0,,0,0,0,0,0,0,0,,
Series 6,Mary,6,Pastry,Stu,M,35,0,,0,0,0,0,0,0,0,,
Series 6,Mary,6,Pastry,Tamal,M,29,0,7,0,0,0,0,0,1,0,,
Series 6,Mary,6,Pastry,Ugnė,F,32,0,,0,0,0,0,0,0,0,,
Series 6,Mary,7,Victorian,Alvin,M,37,0,,0,0,0,0,0,0,0,,
Series 6,Mary,7,Victorian,Dorret,F,53,0,,0,0,0,0,0,0,0,,
Series 6,Mary,7,Victorian,Flora,F,19,0,4,0,0,0,0,0,1,0,,
Series 6,Mary,7,Victorian,Ian,M,41,0,5,0,0,0,0,0,1,0,,
Series 6,Mary,7,Victorian,Marie,F,66,0,,0,0,0,0,0,0,0,,
Series 6,Mary,7,Victorian,Mat,M,37,0,6,0,0,1,0,1,1,0,,
Series 6,Mary,7,Victorian,Nadiya,F,30,0,1,0,0,0,0,0,1,1,,
Series 6,Mary,7,Victorian,Paul,M,49,0,2,0,0,1,0,0,1,0,,
Series 6,Mary,7,Victorian,Sandy,F,49,0,,0,0,0,0,0,0,0,,
Series 6,Mary,7,Victorian,Stu,M,35,0,,0,0,0,0,0,0,0,,
Series 6,Mary,7,Victorian,Tamal,M,29,1,3,0,0,0,1,0,1,0,,
Series 6,Mary,7,Victorian,Ugnė,F,32,0,,0,0,0,0,0,0,0,,
Series 6,Mary,8,Pâtisserie,Alvin,M,37,0,,0,0,0,0,0,0,0,,
Series 6,Mary,8,Pâtisserie,Dorret,F,53,0,,0,0,0,0,0,0,0,,
Series 6,Mary,8,Pâtisserie,Flora,F,19,0,3,0,0,1,0,0,1,0,,
Series 6,Mary,8,Pâtisserie,Ian,M,41,0,2,0,0,0,0,0,1,0,,
Series 6,Mary,8,Pâtisserie,Marie,F,66,0,,0,0,0,0,0,0,0,,
Series 6,Mary,8,Pâtisserie,Mat,M,37,0,,0,0,0,0,0,0,0,,
Series 6,Mary,8,Pâtisserie,Nadiya,F,30,0,1,0,1,0,1,0,1,1,,
Series 6,Mary,8,Pâtisserie,Paul,M,49,0,5,0,0,1,0,1,1,0,,
Series 6,Mary,8,Pâtisserie,Sandy,F,49,0,,0,0,0,0,0,0,0,,
Series 6,Mary,8,Pâtisserie,Stu,M,35,0,,0,0,0,0,0,0,0,,
Series 6,Mary,8,Pâtisserie,Tamal,M,29,0,4,0,1,0,0,0,1,0,,
Series 6,Mary,8,Pâtisserie,Ugnė,F,32,0,,0,0,0,0,0,0,0,,
Series 6,Mary,9,Chocolate,Alvin,M,37,0,,0,0,0,0,0,0,0,,
Series 6,Mary,9,Chocolate,Dorret,F,53,0,,0,0,0,0,0,0,0,,
Series 6,Mary,9,Chocolate,Flora,F,19,0,1,0,0,1,0,1,1,0,,
Series 6,Mary,9,Chocolate,Ian,M,41,0,3,0,0,1,0,0,1,0,,
Series 6,Mary,9,Chocolate,Marie,F,66,0,,0,0,0,0,0,0,0,,
Series 6,Mary,9,Chocolate,Mat,M,37,0,,0,0,0,0,0,0,0,,
Series 6,Mary,9,Chocolate,Nadiya,F,30,1,4,0,1,0,1,0,1,1,,
Series 6,Mary,9,Chocolate,Paul,M,49,0,,0,0,0,0,0,0,0,,
Series 6,Mary,9,Chocolate,Sandy,F,49,0,,0,0,0,0,0,0,0,,
Series 6,Mary,9,Chocolate,Stu,M,35,0,,0,0,0,0,0,0,0,,
Series 6,Mary,9,Chocolate,Tamal,M,29,0,2,0,1,0,0,0,1,0,,
Series 6,Mary,9,Chocolate,Ugnė,F,32,0,,0,0,0,0,0,0,0,,
Series 6,Mary,10,Final,Alvin,M,37,0,,0,0,0,0,0,0,0,,
Series 6,Mary,10,Final,Dorret,F,53,0,,0,0,0,0,0,0,0,,
Series 6,Mary,10,Final,Flora,F,19,0,,0,0,0,0,0,0,0,,
Series 6,Mary,10,Final,Ian,M,41,0,2,0,0,0,0,1,1,0,,
Series 6,Mary,10,Final,Marie,F,66,0,,0,0,0,0,0,0,0,,
Series 6,Mary,10,Final,Mat,M,37,0,,0,0,0,0,0,0,0,,
Series 6,Mary,10,Final,Nadiya,F,30,0,1,0,0,0,1,0,1,1,,
Series 6,Mary,10,Final,Paul,M,49,0,,0,0,0,0,0,0,0,,
Series 6,Mary,10,Final,Sandy,F,49,0,,0,0,0,0,0,0,0,,
Series 6,Mary,10,Final,Stu,M,35,0,3,0,0,0,0,0,0,0,,
Series 6,Mary,10,Final,Tamal,M,29,0,,0,0,0,0,1,1,0,,
Series 6,Mary,10,Final,Ugnė,F,32,0,,0,0,0,0,0,0,0,,
Series 7,Mary,1,Cake,Andrew,M,25,0,12,0,0,0,0,0,1,0,,
Series 7,Mary,1,Cake,Benjamina,F,23,0,6,0,1,0,0,0,1,0,,
Series 7,Mary,1,Cake,Candice,F,31,0,5,0,0,1,0,0,1,1,,
Series 7,Mary,1,Cake,Jane,F,61,0,7,0,1,0,1,0,1,0,,
Series 7,Mary,1,Cake,Kate,F,37,0,4,0,0,0,0,0,1,0,,
Series 7,Mary,1,Cake,Lee,M,67,0,11,0,0,1,0,1,1,0,,
Series 7,Mary,1,Cake,Louise,F,46,0,9,0,0,0,0,0,1,0,,
Series 7,Mary,1,Cake,Michael,M,20,0,3,0,0,0,0,0,1,0,,
Series 7,Mary,1,Cake,Rav,M,28,0,8,0,0,0,0,0,1,0,,
Series 7,Mary,1,Cake,Selasi,M,30,0,1,0,1,0,0,0,1,0,,
Series 7,Mary,1,Cake,Tom,M,26,0,2,0,0,0,0,0,1,0,,
Series 7,Mary,1,Cake,Val,F,66,0,10,0,0,1,0,0,1,0,,
Series 7,Mary,2,Biscuits,Andrew,M,25,0,4,0,1,0,0,0,1,0,,
Series 7,Mary,2,Biscuits,Benjamina,F,23,0,3,0,0,0,0,0,1,0,,
Series 7,Mary,2,Biscuits,Candice,F,31,0,8,0,1,0,1,0,1,1,,
Series 7,Mary,2,Biscuits,Jane,F,61,0,2,0,0,0,0,0,1,0,,
Series 7,Mary,2,Biscuits,Kate,F,37,0,1,0,0,0,0,0,1,0,,
Series 7,Mary,2,Biscuits,Lee,M,67,0,,0,0,0,0,0,0,0,,
Series 7,Mary,2,Biscuits,Louise,F,46,0,10,0,0,1,0,1,1,0,,
Series 7,Mary,2,Biscuits,Michael,M,20,0,9,0,0,0,0,0,1,0,,
Series 7,Mary,2,Biscuits,Rav,M,28,0,6,0,0,0,0,0,1,0,,
Series 7,Mary,2,Biscuits,Selasi,M,30,0,11,0,0,0,0,0,1,0,,
Series 7,Mary,2,Biscuits,Tom,M,26,1,7,0,0,0,0,0,1,0,,
Series 7,Mary,2,Biscuits,Val,F,66,0,5,0,0,1,0,0,1,0,,
Series 7,Mary,3,Bread,Andrew,M,25,0,2,0,1,0,0,0,1,0,,
Series 7,Mary,3,Bread,Benjamina,F,23,0,6,0,0,0,0,0,1,0,,
Series 7,Mary,3,Bread,Candice,F,31,0,3,0,0,1,0,0,1,1,,
Series 7,Mary,3,Bread,Jane,F,61,0,9,0,0,0,0,0,1,0,,
Series 7,Mary,3,Bread,Kate,F,37,0,8,0,1,0,0,0,1,0,,
Series 7,Mary,3,Bread,Lee,M,67,0,,0,0,0,0,0,0,0,,
Series 7,Mary,3,Bread,Louise,F,46,0,,0,0,0,0,0,0,0,,
Series 7,Mary,3,Bread,Michael,M,20,0,7,0,0,1,0,1,1,0,,
Series 7,Mary,3,Bread,Rav,M,28,0,10,0,0,0,0,0,1,0,,
Series 7,Mary,3,Bread,Selasi,M,30,0,5,0,0,0,0,0,1,0,,
Series 7,Mary,3,Bread,Tom,M,26,0,4,0,1,0,1,0,1,0,,
Series 7,Mary,3,Bread,Val,F,66,0,1,0,0,1,0,0,1,0,,
Series 7,Mary,4,Batter,Andrew,M,25,0,4,0,1,0,0,0,1,0,,
Series 7,Mary,4,Batter,Benjamina,F,23,0,1,0,1,0,1,0,1,0,,
Series 7,Mary,4,Batter,Candice,F,31,0,2,0,0,0,0,0,1,1,,
Series 7,Mary,4,Batter,Jane,F,61,0,3,0,0,0,0,0,1,0,,
Series 7,Mary,4,Batter,Kate,F,37,0,7,0,0,1,0,1,1,0,,
Series 7,Mary,4,Batter,Lee,M,67,0,,0,0,0,0,0,0,0,,
Series 7,Mary,4,Batter,Louise,F,46,0,,0,0,0,0,0,0,0,,
Series 7,Mary,4,Batter,Michael,M,20,0,,0,0,0,0,0,0,0,,
Series 7,Mary,4,Batter,Rav,M,28,0,9,0,0,1,0,0,1,0,,
Series 7,Mary,4,Batter,Selasi,M,30,1,8,0,0,0,0,0,1,0,,
Series 7,Mary,4,Batter,Tom,M,26,0,5,0,0,1,0,0,1,0,,
Series 7,Mary,4,Batter,Val,F,66,0,6,0,0,0,0,0,1,0,,
Series 7,Mary,5,Pastry,Andrew,M,25,0,6,0,0,0,0,0,1,0,,
Series 7,Mary,5,Pastry,Benjamina,F,23,0,5,0,0,0,0,0,1,0,,
Series 7,Mary,5,Pastry,Candice,F,31,0,2,0,1,0,1,0,1,1,,
Series 7,Mary,5,Pastry,Jane,F,61,0,1,0,1,0,0,0,1,0,,
Series 7,Mary,5,Pastry,Kate,F,37,0,,0,0,0,0,0,0,0,,
Series 7,Mary,5,Pastry,Lee,M,67,0,,0,0,0,0,0,0,0,,
Series 7,Mary,5,Pastry,Louise,F,46,0,,0,0,0,0,0,0,0,,
Series 7,Mary,5,Pastry,Michael,M,20,0,,0,0,0,0,0,0,0,,
Series 7,Mary,5,Pastry,Rav,M,28,0,8,0,0,0,0,0,1,0,,
Series 7,Mary,5,Pastry,Selasi,M,30,0,3,0,0,0,0,0,1,0,,
Series 7,Mary,5,Pastry,Tom,M,26,0,4,0,0,1,0,0,1,0,,
Series 7,Mary,5,Pastry,Val,F,66,0,7,0,0,1,0,1,1,0,,
Series 7,Mary,6,Botanical,Andrew,M,25,0,6,0,0,1,0,0,1,0,,
Series 7,Mary,6,Botanical,Benjamina,F,23,0,2,0,0,0,0,0,1,0,,
Series 7,Mary,6,Botanical,Candice,F,31,0,5,0,1,0,0,0,1,1,,
Series 7,Mary,6,Botanical,Jane,F,61,0,4,0,0,0,0,0,1,0,,
Series 7,Mary,6,Botanical,Kate,F,37,0,,0,0,0,0,0,0,0,,
Series 7,Mary,6,Botanical,Lee,M,67,0,,0,0,0,0,0,0,0,,
Series 7,Mary,6,Botanical,Louise,F,46,0,,0,0,0,0,0,0,0,,
Series 7,Mary,6,Botanical,Michael,M,20,0,,0,0,0,0,0,0,0,,
Series 7,Mary,6,Botanical,Rav,M,28,0,3,0,0,1,0,1,1,0,,
Series 7,Mary,6,Botanical,Selasi,M,30,0,7,0,1,0,0,0,1,0,,
Series 7,Mary,6,Botanical,Tom,M,26,0,1,0,1,0,1,0,1,0,,
Series 7,Mary,6,Botanical,Val,F,66,0,,0,0,0,0,0,0,0,,
Series 7,Mary,7,Dessert,Andrew,M,25,0,1,0,1,0,1,0,1,0,,
Series 7,Mary,7,Dessert,Benjamina,F,23,0,3,0,1,0,0,0,1,0,,
Series 7,Mary,7,Dessert,Candice,F,31,0,2,0,0,0,0,0,1,1,,
Series 7,Mary,7,Dessert,Jane,F,61,0,4,0,0,0,0,0,1,0,,
Series 7,Mary,7,Dessert,Kate,F,37,0,,0,0,0,0,0,0,0,,
Series 7,Mary,7,Dessert,Lee,M,67,0,,0,0,0,0,0,0,0,,
Series 7,Mary,7,Dessert,Louise,F,46,0,,0,0,0,0,0,0,0,,
Series 7,Mary,7,Dessert,Michael,M,20,0,,0,0,0,0,0,0,0,,
Series 7,Mary,7,Dessert,Rav,M,28,0,,0,0,0,0,0,0,0,,
Series 7,Mary,7,Dessert,Selasi,M,30,0,6,0,0,1,0,0,1,0,,
Series 7,Mary,7,Dessert,Tom,M,26,0,5,0,0,1,0,1,1,0,,
Series 7,Mary,7,Dessert,Val,F,66,0,,0,0,0,0,0,0,0,,
Series 7,Mary,8,Tudor,Andrew,M,25,0,2,0,0,0,0,0,1,0,,
Series 7,Mary,8,Tudor,Benjamina,F,23,0,4,0,0,1,0,1,1,0,,
Series 7,Mary,8,Tudor,Candice,F,31,0,1,0,1,0,1,0,1,1,,
Series 7,Mary,8,Tudor,Jane,F,61,0,5,0,1,0,0,0,1,0,,
Series 7,Mary,8,Tudor,Kate,F,37,0,,0,0,0,0,0,0,0,,
Series 7,Mary,8,Tudor,Lee,M,67,0,,0,0,0,0,0,0,0,,
Series 7,Mary,8,Tudor,Louise,F,46,0,,0,0,0,0,0,0,0,,
Series 7,Mary,8,Tudor,Michael,M,20,0,,0,0,0,0,0,0,0,,
Series 7,Mary,8,Tudor,Rav,M,28,0,,0,0,0,0,0,0,0,,
Series 7,Mary,8,Tudor,Selasi,M,30,0,3,0,0,1,0,0,1,0,,
Series 7,Mary,8,Tudor,Tom,M,26,0,,0,0,0,0,0,0,0,,
Series 7,Mary,8,Tudor,Val,F,66,0,,0,0,0,0,0,0,0,,
Series 7,Mary,9,Pâtisserie,Andrew,M,25,0,2,0,1,0,1,0,1,0,,
Series 7,Mary,9,Pâtisserie,Benjamina,F,23,0,,0,0,0,0,0,0,0,,
Series 7,Mary,9,Pâtisserie,Candice,F,31,0,3,0,1,0,0,0,1,1,,
Series 7,Mary,9,Pâtisserie,Jane,F,61,0,1,0,0,1,0,0,1,0,,
Series 7,Mary,9,Pâtisserie,Kate,F,37,0,,0,0,0,0,0,0,0,,
Series 7,Mary,9,Pâtisserie,Lee,M,67,0,,0,0,0,0,0,0,0,,
Series 7,Mary,9,Pâtisserie,Louise,F,46,0,,0,0,0,0,0,0,0,,
Series 7,Mary,9,Pâtisserie,Michael,M,20,0,,0,0,0,0,0,0,0,,
Series 7,Mary,9,Pâtisserie,Rav,M,28,0,,0,0,0,0,0,0,0,,
Series 7,Mary,9,Pâtisserie,Selasi,M,30,0,4,0,0,1,0,1,1,0,,
Series 7,Mary,9,Pâtisserie,Tom,M,26,0,,0,0,0,0,0,0,0,,
Series 7,Mary,9,Pâtisserie,Val,F,66,0,,0,0,0,0,0,0,0,,
Series 7,Mary,10,Final,Andrew,M,25,0,1,0,0,0,0,1,1,0,,
Series 7,Mary,10,Final,Benjamina,F,23,0,,0,0,0,0,0,0,0,,
Series 7,Mary,10,Final,Candice,F,31,1,2,0,0,0,1,0,1,1,,
Series 7,Mary,10,Final,Jane,F,61,1,3,0,0,0,0,1,1,0,,
Series 7,Mary,10,Final,Kate,F,37,0,,0,0,0,0,0,0,0,,
Series 7,Mary,10,Final,Lee,M,67,0,,0,0,0,0,0,0,0,,
Series 7,Mary,10,Final,Louise,F,46,0,,0,0,0,0,0,0,0,,
Series 7,Mary,10,Final,Michael,M,20,0,,0,0,0,0,0,0,0,,
Series 7,Mary,10,Final,Rav,M,28,0,,0,0,0,0,0,0,0,,
Series 7,Mary,10,Final,Selasi,M,30,0,,0,0,0,0,0,0,0,,
Series 7,Mary,10,Final,Tom,M,26,0,,0,0,0,0,0,0,0,,
Series 7,Mary,10,Final,Val,F,66,0,,0,0,0,0,0,0,0,,
Series 8,Prue,1,Cake,Chris,M,50,0,12,0,0,1,0,0,1,0,,
Series 8,Prue,1,Cake,Flo,F,71,0,9,0,1,0,0,0,1,0,,
Series 8,Prue,1,Cake,James,M,46,0,2,0,0,0,0,0,1,0,,
Series 8,Prue,1,Cake,Julia,F,21,0,3,0,0,0,0,0,1,0,,
Series 8,Prue,1,Cake,Kate,F,29,0,1,0,0,0,0,0,1,0,,
Series 8,Prue,1,Cake,Liam,M,19,0,8,0,0,0,0,0,1,0,,
Series 8,Prue,1,Cake,Peter,M,52,0,10,0,0,1,0,1,1,0,,
Series 8,Prue,1,Cake,Sophie,F,33,1,5,0,1,0,0,0,1,1,,
Series 8,Prue,1,Cake,Stacey,F,42,0,11,0,0,1,0,0,1,0,,
Series 8,Prue,1,Cake,Steven,M,34,1,6,0,1,0,1,0,1,0,,
Series 8,Prue,1,Cake,Tom,M,29,0,7,0,0,0,0,0,1,0,,
Series 8,Prue,1,Cake,Yan,F,46,0,4,0,0,0,0,0,1,0,,
Series 8,Prue,2,Biscuits,Chris,M,50,0,11,0,0,1,0,1,1,0,,
Series 8,Prue,2,Biscuits,Flo,F,71,0,10,0,0,1,0,0,1,0,,
Series 8,Prue,2,Biscuits,James,M,46,0,3,0,0,0,0,0,1,0,,
Series 8,Prue,2,Biscuits,Julia,F,21,0,4,0,0,0,0,0,1,0,,
Series 8,Prue,2,Biscuits,Kate,F,29,0,8,0,0,1,0,0,1,0,,
Series 8,Prue,2,Biscuits,Liam,M,19,0,7,0,0,0,0,0,1,0,,
Series 8,Prue,2,Biscuits,Peter,M,52,0,,0,0,0,0,0,0,0,,
Series 8,Prue,2,Biscuits,Sophie,F,33,0,2,0,1,0,0,0,1,1,,
Series 8,Prue,2,Biscuits,Stacey,F,42,0,9,0,0,1,0,0,1,0,,
Series 8,Prue,2,Biscuits,Steven,M,34,0,6,0,1,0,1,0,1,0,,
Series 8,Prue,2,Biscuits,Tom,M,29,0,5,0,1,0,0,0,1,0,,
Series 8,Prue,2,Biscuits,Yan,F,46,0,1,0,0,0,0,0,1,0,,
Series 8,Prue,3,Bread,Chris,M,50,0,,0,0,0,0,0,0,0,,
Series 8,Prue,3,Bread,Flo,F,71,0,7,0,0,1,0,1,1,0,,
Series 8,Prue,3,Bread,James,M,46,0,9,0,0,0,0,0,1,0,,
Series 8,Prue,3,Bread,Julia,F,21,0,2,0,1,0,1,0,1,0,,
Series 8,Prue,3,Bread,Kate,F,29,0,10,0,0,0,0,0,1,0,,
Series 8,Prue,3,Bread,Liam,M,19,0,5,0,0,1,0,0,1,0,,
Series 8,Prue,3,Bread,Peter,M,52,0,,0,0,0,0,0,0,0,,
Series 8,Prue,3,Bread,Sophie,F,33,0,6,0,0,0,0,0,1,1,,
Series 8,Prue,3,Bread,Stacey,F,42,0,1,0,0,0,0,0,1,0,,
Series 8,Prue,3,Bread,Steven,M,34,0,3,0,1,0,0,0,1,0,,
Series 8,Prue,3,Bread,Tom,M,29,0,4,0,0,0,0,0,1,0,,
Series 8,Prue,3,Bread,Yan,F,46,0,8,0,0,0,0,0,1,0,,
Series 8,Prue,4,Caramel,Chris,M,50,0,,0,0,0,0,0,0,0,,
Series 8,Prue,4,Caramel,Flo,F,71,0,,0,0,0,0,0,0,0,,
Series 8,Prue,4,Caramel,James,M,46,0,2,0,0,1,0,0,1,0,,
Series 8,Prue,4,Caramel,Julia,F,21,0,9,0,0,0,0,0,1,0,,
Series 8,Prue,4,Caramel,Kate,F,29,0,6,0,1,0,1,0,1,0,,
Series 8,Prue,4,Caramel,Liam,M,19,1,3,0,1,0,0,0,1,0,,
Series 8,Prue,4,Caramel,Peter,M,52,0,,0,0,0,0,0,1,0,,
Series 8,Prue,4,Caramel,Sophie,F,33,0,4,0,0,0,0,0,0,1,,
Series 8,Prue,4,Caramel,Stacey,F,42,0,1,0,0,0,0,0,1,0,,
Series 8,Prue,4,Caramel,Steven,M,34,0,7,0,0,0,0,0,1,0,,
Series 8,Prue,4,Caramel,Tom,M,29,0,5,0,0,1,0,1,1,0,,
Series 8,Prue,4,Caramel,Yan,F,46,0,8,0,0,0,0,0,0,0,,
Series 8,Prue,5,Pudding,Chris,M,50,0,,0,0,0,0,0,0,0,,
Series 8,Prue,5,Pudding,Flo,F,71,0,,0,0,0,0,0,0,0,,
Series 8,Prue,5,Pudding,James,M,46,0,7,0,0,1,0,1,1,0,,
Series 8,Prue,5,Pudding,Julia,F,21,0,3,0,0,1,0,0,1,0,,
Series 8,Prue,5,Pudding,Kate,F,29,0,8,0,0,0,0,0,1,0,,
Series 8,Prue,5,Pudding,Liam,M,19,1,2,0,0,1,0,0,1,0,,
Series 8,Prue,5,Pudding,Peter,M,52,0,,0,0,0,0,0,0,0,,
Series 8,Prue,5,Pudding,Sophie,F,33,0,1,0,1,0,1,0,1,1,,
Series 8,Prue,5,Pudding,Stacey,F,42,0,4,0,1,0,0,0,1,0,,
Series 8,Prue,5,Pudding,Steven,M,34,1,5,0,0,0,0,0,1,0,,
Series 8,Prue,5,Pudding,Tom,M,29,0,,0,0,0,0,0,0,0,,
Series 8,Prue,5,Pudding,Yan,F,46,1,6,0,0,0,0,0,1,0,,
Series 8,Prue,6,Pastry,Chris,M,50,0,,0,0,0,0,0,0,0,,
Series 8,Prue,6,Pastry,Flo,F,71,0,,0,0,0,0,0,0,0,,
Series 8,Prue,6,Pastry,James,M,46,0,,0,0,0,0,0,0,0,,
Series 8,Prue,6,Pastry,Julia,F,21,0,7,0,0,1,0,1,1,0,,
Series 8,Prue,6,Pastry,Kate,F,29,0,5,0,0,0,0,0,1,0,,
Series 8,Prue,6,Pastry,Liam,M,19,0,4,0,1,0,1,0,1,0,,
Series 8,Prue,6,Pastry,Peter,M,52,0,,0,0,0,0,0,0,0,,
Series 8,Prue,6,Pastry,Sophie,F,33,0,2,0,1,0,0,0,1,1,,
Series 8,Prue,6,Pastry,Stacey,F,42,0,6,0,0,1,0,0,1,0,,
Series 8,Prue,6,Pastry,Steven,M,34,0,3,0,0,0,0,0,1,0,,
Series 8,Prue,6,Pastry,Tom,M,29,0,,0,0,0,0,0,0,0,,
Series 8,Prue,6,Pastry,Yan,F,46,0,1,0,1,0,0,0,1,0,,
Series 8,Prue,7,Italian,Chris,M,50,0,,0,0,0,0,0,0,0,,
Series 8,Prue,7,Italian,Flo,F,71,0,,0,0,0,0,0,0,0,,
Series 8,Prue,7,Italian,James,M,46,0,,0,0,0,0,0,0,0,,
Series 8,Prue,7,Italian,Julia,F,21,0,,0,0,0,0,0,0,0,,
Series 8,Prue,7,Italian,Kate,F,29,0,6,0,0,1,0,0,1,0,,
Series 8,Prue,7,Italian,Liam,M,19,0,2,0,1,0,0,0,1,0,,
Series 8,Prue,7,Italian,Peter,M,52,0,,0,0,0,0,0,0,0,,
Series 8,Prue,7,Italian,Sophie,F,33,0,3,0,1,0,0,0,1,1,,
Series 8,Prue,7,Italian,Stacey,F,42,0,4,0,0,1,0,0,1,0,,
Series 8,Prue,7,Italian,Steven,M,34,0,1,0,1,0,1,0,1,0,,
Series 8,Prue,7,Italian,Tom,M,29,0,,0,0,0,0,0,0,0,,
Series 8,Prue,7,Italian,Yan,F,46,0,5,0,0,1,0,1,1,0,,
Series 8,Prue,8,Forgotten,Chris,M,50,0,,0,0,0,0,0,0,0,,
Series 8,Prue,8,Forgotten,Flo,F,71,0,,0,0,0,0,0,0,0,,
Series 8,Prue,8,Forgotten,James,M,46,0,,0,0,0,0,0,0,0,,
Series 8,Prue,8,Forgotten,Julia,F,21,0,,0,0,0,0,0,0,0,,
Series 8,Prue,8,Forgotten,Kate,F,29,0,2,0,0,1,0,0,1,0,,
Series 8,Prue,8,Forgotten,Liam,M,19,0,5,0,0,1,0,1,1,0,,
Series 8,Prue,8,Forgotten,Peter,M,52,0,,0,0,0,0,0,0,0,,
Series 8,Prue,8,Forgotten,Sophie,F,33,0,4,0,0,0,0,0,1,1,,
Series 8,Prue,8,Forgotten,Stacey,F,42,1,3,0,1,0,1,0,1,0,,
Series 8,Prue,8,Forgotten,Steven,M,34,0,1,0,1,0,0,0,1,0,,
Series 8,Prue,8,Forgotten,Tom,M,29,0,,0,0,0,0,0,0,0,,
Series 8,Prue,8,Forgotten,Yan,F,46,0,,0,0,0,0,0,0,0,,
Series 8,Prue,9,Pâtisserie,Chris,M,50,0,,0,0,0,0,0,0,0,,
Series 8,Prue,9,Pâtisserie,Flo,F,71,0,,0,0,0,0,0,0,0,,
Series 8,Prue,9,Pâtisserie,James,M,46,0,,0,0,0,0,0,0,0,,
Series 8,Prue,9,Pâtisserie,Julia,F,21,0,,0,0,0,0,0,0,0,,
Series 8,Prue,9,Pâtisserie,Kate,F,29,0,4,0,1,0,0,0,1,0,,
Series 8,Prue,9,Pâtisserie,Liam,M,19,0,,0,0,0,0,0,0,0,,
Series 8,Prue,9,Pâtisserie,Peter,M,52,0,,0,0,0,0,0,0,0,,
Series 8,Prue,9,Pâtisserie,Sophie,F,33,0,1,0,1,0,1,0,1,1,,
Series 8,Prue,9,Pâtisserie,Stacey,F,42,0,2,0,0,1,0,1,1,0,,
Series 8,Prue,9,Pâtisserie,Steven,M,34,0,3,0,0,1,0,0,1,0,,
Series 8,Prue,9,Pâtisserie,Tom,M,29,0,,0,0,0,0,0,0,0,,
Series 8,Prue,9,Pâtisserie,Yan,F,46,0,,0,0,0,0,0,0,0,,
Series 8,Prue,10,Final,Chris,M,50,0,,0,0,0,0,0,0,0,,
Series 8,Prue,10,Final,Flo,F,71,0,,0,0,0,0,0,0,0,,
Series 8,Prue,10,Final,James,M,46,0,,0,0,0,0,0,0,0,,
Series 8,Prue,10,Final,Julia,F,21,0,,0,0,0,0,0,0,0,,
Series 8,Prue,10,Final,Kate,F,29,0,3,0,0,0,0,1,1,0,,
Series 8,Prue,10,Final,Liam,M,19,0,,0,0,0,0,0,0,0,,
Series 8,Prue,10,Final,Peter,M,52,0,,0,0,0,0,0,0,0,,
Series 8,Prue,10,Final,Sophie,F,33,0,2,0,0,0,1,0,1,1,,
Series 8,Prue,10,Final,Stacey,F,42,0,,0,0,0,0,0,0,0,,
Series 8,Prue,10,Final,Steven,M,34,0,1,0,0,0,0,1,1,0,,
Series 8,Prue,10,Final,Tom,M,29,0,,0,0,0,0,0,0,0,,
Series 8,Prue,10,Final,Yan,F,46,0,,0,0,0,0,0,0,0,,
Series 9,Prue,1,Biscuits,Antony,M,30,0,12,0,0,0,0,0,1,0,,
Series 9,Prue,1,Biscuits,Briony,F,33,0,2,0,1,0,0,0,1,0,,
Series 9,Prue,1,Biscuits,Dan,M,36,0,4,0,0,0,0,0,1,0,,
Series 9,Prue,1,Biscuits,Imelda,F,33,0,11,0,0,1,0,1,1,0,,
Series 9,Prue,1,Biscuits,Jon,M,47,0,5,0,0,0,0,0,1,0,,
Series 9,Prue,1,Biscuits,Karen,F,60,0,6,0,0,0,0,0,1,0,,
Series 9,Prue,1,Biscuits,Kim-Joy,F,27,0,10,0,0,0,0,0,1,0,,
Series 9,Prue,1,Biscuits,Luke,M,30,0,8,0,0,0,0,0,1,0,,
Series 9,Prue,1,Biscuits,Manon,F,26,0,3,0,1,0,1,0,1,0,,
Series 9,Prue,1,Biscuits,Rahul,M,30,0,7,0,0,0,0,0,1,1,,
Series 9,Prue,1,Biscuits,Ruby,F,29,0,1,0,0,1,0,0,1,0,,
Series 9,Prue,1,Biscuits,Terry,M,46,0,9,0,0,1,0,0,1,0,,
Series 9,Prue,2,Cake,Antony,M,30,0,9,0,0,0,0,0,1,0,,
Series 9,Prue,2,Cake,Briony,F,33,0,5,0,0,1,0,0,1,0,,
Series 9,Prue,2,Cake,Dan,M,36,1,3,0,1,0,0,0,1,0,,
Series 9,Prue,2,Cake,Imelda,F,33,0,,0,0,0,0,0,0,0,,
Series 9,Prue,2,Cake,Jon,M,47,0,1,0,1,0,0,0,1,0,,
Series 9,Prue,2,Cake,Karen,F,60,0,11,0,0,0,0,0,1,0,,
Series 9,Prue,2,Cake,Kim-Joy,F,27,0,4,0,0,0,0,0,1,0,,
Series 9,Prue,2,Cake,Luke,M,30,0,7,0,0,1,0,1,1,0,,
Series 9,Prue,2,Cake,Manon,F,26,0,6,0,0,0,0,0,1,0,,
Series 9,Prue,2,Cake,Rahul,M,30,0,2,1,1,0,1,0,1,1,,
Series 9,Prue,2,Cake,Ruby,F,29,0,10,1,0,0,0,0,1,0,,
Series 9,Prue,2,Cake,Terry,M,46,0,8,0,0,1,0,0,1,0,,
Series 9,Prue,3,Bread,Antony,M,30,0,8,0,0,1,0,1,1,0,,
Series 9,Prue,3,Bread,Briony,F,33,0,9,0,0,1,0,0,1,0,,
Series 9,Prue,3,Bread,Dan,M,36,1,6,0,1,0,0,0,1,0,,
Series 9,Prue,3,Bread,Imelda,F,33,0,,0,0,0,0,0,0,0,,
Series 9,Prue,3,Bread,Jon,M,47,0,2,0,0,0,0,0,1,0,,
Series 9,Prue,3,Bread,Karen,F,60,0,5,0,0,0,0,0,1,0,,
Series 9,Prue,3,Bread,Kim-Joy,F,27,0,10,0,0,0,0,0,1,0,,
Series 9,Prue,3,Bread,Luke,M,30,0,,0,0,0,0,0,0,0,,
Series 9,Prue,3,Bread,Manon,F,26,0,3,0,0,0,0,0,1,0,,
Series 9,Prue,3,Bread,Rahul,M,30,0,4,0,1,0,1,0,1,1,,
Series 9,Prue,3,Bread,Ruby,F,29,0,7,0,0,0,0,0,1,0,,
Series 9,Prue,3,Bread,Terry,M,46,0,1,0,0,0,0,0,1,0,,
Series 9,Prue,4,Dessert,Antony,M,30,0,,0,0,0,0,0,0,0,,
Series 9,Prue,4,Dessert,Briony,F,33,0,5,0,0,1,0,0,1,0,,
Series 9,Prue,4,Dessert,Dan,M,36,1,1,0,1,0,1,0,1,0,,
Series 9,Prue,4,Dessert,Imelda,F,33,0,,0,0,0,0,0,0,0,,
Series 9,Prue,4,Dessert,Jon,M,47,1,3,0,1,0,0,0,1,0,,
Series 9,Prue,4,Dessert,Karen,F,60,0,7,0,0,1,0,0,1,0,,
Series 9,Prue,4,Dessert,Kim-Joy,F,27,0,6,0,0,0,0,0,1,0,,
Series 9,Prue,4,Dessert,Luke,M,30,0,,0,0,0,0,0,0,0,,
Series 9,Prue,4,Dessert,Manon,F,26,0,8,0,0,0,0,0,1,0,,
Series 9,Prue,4,Dessert,Rahul,M,30,0,4,0,1,0,0,0,1,1,,
Series 9,Prue,4,Dessert,Ruby,F,29,0,2,0,0,0,0,0,1,0,,
Series 9,Prue,4,Dessert,Terry,M,46,0,,0,0,0,0,0,0,0,,
Series 9,Prue,5,Spice,Antony,M,30,0,,0,0,0,0,0,0,0,,
Series 9,Prue,5,Spice,Briony,F,33,0,6,0,0,1,0,0,1,0,,
Series 9,Prue,5,Spice,Dan,M,36,0,2,0,0,0,0,0,1,0,,
Series 9,Prue,5,Spice,Imelda,F,33,0,,0,0,0,0,0,0,0,,
Series 9,Prue,5,Spice,Jon,M,47,0,7,0,0,1,0,0,1,0,,
Series 9,Prue,5,Spice,Karen,F,60,0,9,0,0,1,0,1,1,0,,
Series 9,Prue,5,Spice,Kim-Joy,F,27,1,4,0,1,0,1,0,1,0,,
Series 9,Prue,5,Spice,Luke,M,30,0,,0,0,0,0,0,0,0,,
Series 9,Prue,5,Spice,Manon,F,26,1,5,0,0,0,0,0,1,0,,
Series 9,Prue,5,Spice,Rahul,M,30,1,3,0,1,0,0,0,1,1,,
Series 9,Prue,5,Spice,Ruby,F,29,0,1,0,0,0,0,0,1,0,,
Series 9,Prue,5,Spice,Terry,M,46,0,8,0,0,1,0,1,1,0,,
Series 9,Prue,6,Pastry,Antony,M,30,0,,0,0,0,0,0,0,0,,
Series 9,Prue,6,Pastry,Briony,F,33,0,1,0,1,0,1,0,1,0,,
Series 9,Prue,6,Pastry,Dan,M,36,0,6,0,0,1,0,1,1,0,,
Series 9,Prue,6,Pastry,Imelda,F,33,0,,0,0,0,0,0,0,0,,
Series 9,Prue,6,Pastry,Jon,M,47,0,2,0,0,0,0,0,1,0,,
Series 9,Prue,6,Pastry,Karen,F,60,0,,0,0,0,0,0,0,0,,
Series 9,Prue,6,Pastry,Kim-Joy,F,27,0,5,0,0,0,0,0,1,0,,
Series 9,Prue,6,Pastry,Luke,M,30,0,,0,0,0,0,0,0,0,,
Series 9,Prue,6,Pastry,Manon,F,26,0,4,0,0,1,0,0,1,0,,
Series 9,Prue,6,Pastry,Rahul,M,30,1,3,0,1,0,0,0,1,1,,
Series 9,Prue,6,Pastry,Ruby,F,29,1,7,0,1,0,0,0,1,0,,
Series 9,Prue,6,Pastry,Terry,M,46,0,,0,0,0,0,0,0,0,,
Series 9,Prue,7,Vegan,Antony,M,30,0,,0,0,0,0,0,0,0,,
Series 9,Prue,7,Vegan,Briony,F,33,0,5,0,0,0,0,0,1,0,,
Series 9,Prue,7,Vegan,Dan,M,36,0,,0,0,0,0,0,0,0,,
Series 9,Prue,7,Vegan,Imelda,F,33,0,,0,0,0,0,0,0,0,,
Series 9,Prue,7,Vegan,Jon,M,47,0,4,0,0,1,0,1,1,0,,
Series 9,Prue,7,Vegan,Karen,F,60,0,,0,0,0,0,0,0,0,,
Series 9,Prue,7,Vegan,Kim-Joy,F,27,1,6,0,1,0,1,0,1,0,,
Series 9,Prue,7,Vegan,Luke,M,30,0,,0,0,0,0,0,0,0,,
Series 9,Prue,7,Vegan,Manon,F,26,0,2,0,0,0,0,0,1,0,,
Series 9,Prue,7,Vegan,Rahul,M,30,0,1,0,1,0,0,0,1,1,,
Series 9,Prue,7,Vegan,Ruby,F,29,0,3,0,0,1,0,0,1,0,,
Series 9,Prue,7,Vegan,Terry,M,46,0,,0,0,0,0,0,0,0,,
Series 9,Prue,8,Danish,Antony,M,30,0,,0,0,0,0,0,0,0,,
Series 9,Prue,8,Danish,Briony,F,33,0,1,0,1,0,0,0,1,0,,
Series 9,Prue,8,Danish,Dan,M,36,0,,0,0,0,0,0,0,0,,
Series 9,Prue,8,Danish,Imelda,F,33,0,,0,0,0,0,0,0,0,,
Series 9,Prue,8,Danish,Jon,M,47,0,,0,0,0,0,0,0,0,,
Series 9,Prue,8,Danish,Karen,F,60,0,,0,0,0,0,0,0,0,,
Series 9,Prue,8,Danish,Kim-Joy,F,27,0,2,0,0,1,0,0,1,0,,
Series 9,Prue,8,Danish,Luke,M,30,0,,0,0,0,0,0,0,0,,
Series 9,Prue,8,Danish,Manon,F,26,0,4,0,0,1,0,1,1,0,,
Series 9,Prue,8,Danish,Rahul,M,30,0,5,0,0,1,0,0,1,1,,
Series 9,Prue,8,Danish,Ruby,F,29,0,3,0,1,0,1,0,1,0,,
Series 9,Prue,8,Danish,Terry,M,46,0,,0,0,0,0,0,0,0,,
Series 9,Prue,9,Pâtisserie,Antony,M,30,0,,0,0,0,0,0,0,0,,
Series 9,Prue,9,Pâtisserie,Briony,F,33,0,3,0,0,1,0,1,1,0,,
Series 9,Prue,9,Pâtisserie,Dan,M,36,0,,0,0,0,0,0,0,0,,
Series 9,Prue,9,Pâtisserie,Imelda,F,33,0,,0,0,0,0,0,0,0,,
Series 9,Prue,9,Pâtisserie,Jon,M,47,0,,0,0,0,0,0,0,0,,
Series 9,Prue,9,Pâtisserie,Karen,F,60,0,,0,0,0,0,0,0,0,,
Series 9,Prue,9,Pâtisserie,Kim-Joy,F,27,0,2,0,1,0,0,0,1,0,,
Series 9,Prue,9,Pâtisserie,Luke,M,30,0,,0,0,0,0,0,0,0,,
Series 9,Prue,9,Pâtisserie,Manon,F,26,0,,0,0,0,0,0,0,0,,
Series 9,Prue,9,Pâtisserie,Rahul,M,30,0,4,0,0,1,0,0,1,1,,
Series 9,Prue,9,Pâtisserie,Ruby,F,29,0,1,0,1,0,1,0,1,0,,
Series 9,Prue,9,Pâtisserie,Terry,M,46,0,,0,0,0,0,0,0,0,,
Series 9,Prue,10,Final,Antony,M,30,0,,0,0,0,0,0,0,0,,
Series 9,Prue,10,Final,Briony,F,33,0,,0,0,0,0,0,0,0,,
Series 9,Prue,10,Final,Dan,M,36,0,,0,0,0,0,0,0,0,,
Series 9,Prue,10,Final,Imelda,F,33,0,,0,0,0,0,0,0,0,,
Series 9,Prue,10,Final,Jon,M,47,0,,0,0,0,0,0,0,0,,
Series 9,Prue,10,Final,Karen,F,60,0,,0,0,0,0,0,0,0,,
Series 9,Prue,10,Final,Kim-Joy,F,27,0,1,0,0,0,0,1,1,0,,
Series 9,Prue,10,Final,Luke,M,30,0,,0,0,0,0,0,0,0,,
Series 9,Prue,10,Final,Manon,F,26,0,,0,0,0,0,0,0,0,,
Series 9,Prue,10,Final,Rahul,M,30,0,2,0,0,0,1,0,1,1,,
Series 9,Prue,10,Final,Ruby,F,29,0,3,0,0,0,0,1,1,0,,
Series 9,Prue,10,Final,Terry,M,46,0,,0,0,0,0,0,1,0,,
Series 10,Prue,1,Cake,Alice,F,29,0,5,0,0,0,0,0,1,0,,
Series 10,Prue,1,Cake,Amelia,F,24,0,4,0,0,0,0,0,1,0,,
Series 10,Prue,1,Cake,Dan,M,32,0,10,0,0,1,0,1,1,0,,
Series 10,Prue,1,Cake,David,M,36,0,9,0,0,0,0,0,1,1,,
Series 10,Prue,1,Cake,Helena,F,40,0,12,0,0,0,0,0,1,0,,
Series 10,Prue,1,Cake,Henry,M,20,0,1,0,0,0,0,0,1,0,,
Series 10,Prue,1,Cake,Jamie,M,20,0,13,0,0,1,0,0,1,0,,
Series 10,Prue,1,Cake,Michael,M,26,0,11,0,0,0,0,0,1,0,,
Series 10,Prue,1,Cake,Michelle,F,35,0,6,0,1,0,1,0,1,0,,
Series 10,Prue,1,Cake,Phil,M,56,0,8,0,0,0,0,0,1,0,,
Series 10,Prue,1,Cake,Priya,F,34,0,7,0,0,0,0,0,1,0,,
Series 10,Prue,1,Cake,Rosie,F,28,0,2,0,0,0,0,0,1,0,,
Series 10,Prue,1,Cake,Steph,F,28,0,3,0,1,0,0,0,1,0,,
Series 10,Prue,2,Biscuits,Alice,F,29,0,1,0,1,0,1,0,1,0,,
Series 10,Prue,2,Biscuits,Amelia,F,24,0,9,0,0,1,0,0,1,0,,
Series 10,Prue,2,Biscuits,Dan,M,32,0,,0,0,0,0,0,0,0,,
Series 10,Prue,2,Biscuits,David,M,36,0,2,0,1,0,0,0,1,1,,
Series 10,Prue,2,Biscuits,Helena,F,40,0,12,0,0,0,0,0,1,0,,
Series 10,Prue,2,Biscuits,Henry,M,20,0,6,0,0,0,0,0,1,0,,
Series 10,Prue,2,Biscuits,Jamie,M,20,0,11,0,0,1,0,1,1,0,,
Series 10,Prue,2,Biscuits,Michael,M,26,0,4,0,0,0,0,0,1,0,,
Series 10,Prue,2,Biscuits,Michelle,F,35,0,8,0,0,0,0,0,1,0,,
Series 10,Prue,2,Biscuits,Phil,M,56,0,3,0,0,0,0,0,1,0,,
Series 10,Prue,2,Biscuits,Priya,F,34,0,7,0,0,0,0,0,1,0,,
Series 10,Prue,2,Biscuits,Rosie,F,28,0,5,0,1,0,0,0,1,0,,
Series 10,Prue,2,Biscuits,Steph,F,28,0,10,0,0,0,0,0,1,0,,
Series 10,Prue,3,Bread,Alice,F,29,0,7,0,0,1,0,0,1,0,,
Series 10,Prue,3,Bread,Amelia,F,24,0,11,0,0,1,0,1,1,0,,
Series 10,Prue,3,Bread,Dan,M,32,0,,0,0,0,0,0,0,0,,
Series 10,Prue,3,Bread,David,M,36,0,2,0,0,0,0,0,1,1,,
Series 10,Prue,3,Bread,Helena,F,40,0,8,0,0,0,0,0,1,0,,
Series 10,Prue,3,Bread,Henry,M,20,0,1,0,0,1,0,0,1,0,,
Series 10,Prue,3,Bread,Jamie,M,20,0,,0,0,0,0,0,0,0,,
Series 10,Prue,3,Bread,Michael,M,26,1,6,0,1,0,1,0,1,0,,
Series 10,Prue,3,Bread,Michelle,F,35,0,5,0,0,0,0,0,1,0,,
Series 10,Prue,3,Bread,Phil,M,56,0,10,0,0,0,0,0,1,0,,
Series 10,Prue,3,Bread,Priya,F,34,0,4,0,0,0,0,0,1,0,,
Series 10,Prue,3,Bread,Rosie,F,28,0,9,0,0,0,0,0,1,0,,
Series 10,Prue,3,Bread,Steph,F,28,0,3,0,1,0,0,0,1,0,,
Series 10,Prue,4,Dairy,Alice,F,29,0,8,0,0,0,0,0,1,0,,
Series 10,Prue,4,Dairy,Amelia,F,24,0,,0,0,0,0,0,0,0,,
Series 10,Prue,4,Dairy,Dan,M,32,0,,0,0,0,0,0,0,0,,
Series 10,Prue,4,Dairy,David,M,36,0,2,0,1,0,0,0,1,1,,
Series 10,Prue,4,Dairy,Helena,F,40,0,9,0,0,0,0,0,1,0,,
Series 10,Prue,4,Dairy,Henry,M,20,0,3,0,0,0,0,0,1,0,,
Series 10,Prue,4,Dairy,Jamie,M,20,0,,0,0,0,0,0,0,0,,
Series 10,Prue,4,Dairy,Michael,M,26,0,7,0,0,1,0,0,1,0,,
Series 10,Prue,4,Dairy,Michelle,F,35,0,5,0,0,0,0,0,1,0,,
Series 10,Prue,4,Dairy,Phil,M,56,0,6,0,0,1,0,1,1,0,,
Series 10,Prue,4,Dairy,Priya,F,34,0,10,0,0,1,0,0,1,0,,
Series 10,Prue,4,Dairy,Rosie,F,28,0,4,0,0,0,0,0,1,0,,
Series 10,Prue,4,Dairy,Steph,F,28,0,1,0,1,0,1,0,1,0,,
Series 10,Prue,5,Roaring Twenties,Alice,F,29,0,6,0,0,0,0,0,1,0,,
Series 10,Prue,5,Roaring Twenties,Amelia,F,24,0,,0,0,0,0,0,0,0,,
Series 10,Prue,5,Roaring Twenties,Dan,M,32,0,,0,0,0,0,0,0,0,,
Series 10,Prue,5,Roaring Twenties,David,M,36,1,9,0,1,0,0,0,1,1,,
Series 10,Prue,5,Roaring Twenties,Helena,F,40,0,1,0,0,1,0,1,1,0,,
Series 10,Prue,5,Roaring Twenties,Henry,M,20,0,3,0,1,0,0,0,1,0,,
Series 10,Prue,5,Roaring Twenties,Jamie,M,20,0,,0,0,0,0,0,0,0,,
Series 10,Prue,5,Roaring Twenties,Michael,M,26,0,8,0,0,0,0,0,1,0,,
Series 10,Prue,5,Roaring Twenties,Michelle,F,35,0,7,0,0,1,0,1,1,0,,
Series 10,Prue,5,Roaring Twenties,Phil,M,56,0,,0,0,0,0,0,0,0,,
Series 10,Prue,5,Roaring Twenties,Priya,F,34,0,2,0,0,1,0,0,1,0,,
Series 10,Prue,5,Roaring Twenties,Rosie,F,28,0,5,0,0,1,0,0,1,0,,
Series 10,Prue,5,Roaring Twenties,Steph,F,28,0,4,0,1,0,1,0,1,0,,
Series 10,Prue,6,Dessert,Alice,F,29,0,1,0,1,0,0,0,1,0,,
Series 10,Prue,6,Dessert,Amelia,F,24,0,,0,0,0,0,0,0,0,,
Series 10,Prue,6,Dessert,Dan,M,32,0,,0,0,0,0,0,0,0,,
Series 10,Prue,6,Dessert,David,M,36,0,2,0,0,0,0,0,1,1,,
Series 10,Prue,6,Dessert,Helena,F,40,0,,0,0,0,0,0,0,0,,
Series 10,Prue,6,Dessert,Henry,M,20,0,4,0,0,1,0,0,1,0,,
Series 10,Prue,6,Dessert,Jamie,M,20,0,,0,0,0,0,0,0,0,,
Series 10,Prue,6,Dessert,Michael,M,26,0,6,0,0,1,0,0,1,0,,
Series 10,Prue,6,Dessert,Michelle,F,35,0,,0,0,0,0,0,0,0,,
Series 10,Prue,6,Dessert,Phil,M,56,0,,0,0,0,0,0,0,0,,
Series 10,Prue,6,Dessert,Priya,F,34,0,7,0,0,1,0,1,1,0,,
Series 10,Prue,6,Dessert,Rosie,F,28,0,5,0,0,1,0,0,1,0,,
Series 10,Prue,6,Dessert,Steph,F,28,0,3,0,1,0,1,0,1,0,,
Series 10,Prue,7,Festivals,Alice,F,29,0,6,0,0,0,0,0,1,0,,
Series 10,Prue,7,Festivals,Amelia,F,24,0,,0,0,0,0,0,0,0,,
Series 10,Prue,7,Festivals,Dan,M,32,0,,0,0,0,0,0,0,0,,
Series 10,Prue,7,Festivals,David,M,36,0,2,0,1,0,0,0,1,1,,
Series 10,Prue,7,Festivals,Helena,F,40,0,,0,0,0,0,0,0,0,,
Series 10,Prue,7,Festivals,Henry,M,20,0,3,1,1,0,1,0,1,0,,
Series 10,Prue,7,Festivals,Jamie,M,20,0,,0,0,0,0,0,0,0,,
Series 10,Prue,7,Festivals,Michael,M,26,0,5,0,0,1,0,1,1,0,,
Series 10,Prue,7,Festivals,Michelle,F,35,0,,0,0,0,0,0,0,0,,
Series 10,Prue,7,Festivals,Phil,M,56,0,,0,0,0,0,0,0,0,,
Series 10,Prue,7,Festivals,Priya,F,34,0,,0,0,0,0,0,0,0,,
Series 10,Prue,7,Festivals,Rosie,F,28,0,1,0,0,1,0,0,1,0,,
Series 10,Prue,7,Festivals,Steph,F,28,0,4,1,1,0,0,0,1,0,,
Series 10,Prue,8,Festivals,Alice,F,29,0,3,0,0,0,0,0,1,0,,
Series 10,Prue,8,Festivals,Amelia,F,24,0,,0,0,0,0,0,0,0,,
Series 10,Prue,8,Festivals,Dan,M,32,0,,0,0,0,0,0,0,0,,
Series 10,Prue,8,Festivals,David,M,36,0,1,0,1,0,0,0,1,1,,
Series 10,Prue,8,Festivals,Helena,F,40,0,,0,0,0,0,0,0,0,,
Series 10,Prue,8,Festivals,Henry,M,20,0,5,0,0,1,0,1,1,0,,
Series 10,Prue,8,Festivals,Jamie,M,20,0,,0,0,0,0,0,0,0,,
Series 10,Prue,8,Festivals,Michael,M,26,0,,0,0,0,0,0,0,0,,
Series 10,Prue,8,Festivals,Michelle,F,35,0,,0,0,0,0,0,0,0,,
Series 10,Prue,8,Festivals,Phil,M,56,0,,0,0,0,0,0,0,0,,
Series 10,Prue,8,Festivals,Priya,F,34,0,,0,0,0,0,0,0,0,,
Series 10,Prue,8,Festivals,Rosie,F,28,0,2,0,0,1,0,0,1,0,,
Series 10,Prue,8,Festivals,Steph,F,28,0,4,0,1,0,1,0,1,0,,
Series 10,Prue,9,Pâtisserie,Alice,F,29,0,4,0,1,0,1,0,1,0,,
Series 10,Prue,9,Pâtisserie,Amelia,F,24,0,,0,0,0,0,0,0,0,,
Series 10,Prue,9,Pâtisserie,Dan,M,32,0,,0,0,0,0,0,0,0,,
Series 10,Prue,9,Pâtisserie,David,M,36,0,2,0,0,1,0,0,1,1,,
Series 10,Prue,9,Pâtisserie,Helena,F,40,0,,0,0,0,0,0,0,0,,
Series 10,Prue,9,Pâtisserie,Henry,M,20,0,,0,0,0,0,0,0,0,,
Series 10,Prue,9,Pâtisserie,Jamie,M,20,0,,0,0,0,0,0,0,0,,
Series 10,Prue,9,Pâtisserie,Michael,M,26,0,,0,0,0,0,0,0,0,,
Series 10,Prue,9,Pâtisserie,Michelle,F,35,0,,0,0,0,0,0,0,0,,
Series 10,Prue,9,Pâtisserie,Phil,M,56,0,,0,0,0,0,0,0,0,,
Series 10,Prue,9,Pâtisserie,Priya,F,34,0,,0,0,0,0,0,0,0,,
Series 10,Prue,9,Pâtisserie,Rosie,F,28,0,1,0,0,1,0,1,1,0,,
Series 10,Prue,9,Pâtisserie,Steph,F,28,0,3,0,1,0,0,0,1,0,,
Series 10,Prue,10,Final,Alice,F,29,0,2,0,0,0,0,1,1,0,,
Series 10,Prue,10,Final,Amelia,F,24,0,,0,0,0,0,0,0,0,,
Series 10,Prue,10,Final,Dan,M,32,0,,0,0,0,0,0,0,0,,
Series 10,Prue,10,Final,David,M,36,0,1,0,0,0,1,0,1,1,,
Series 10,Prue,10,Final,Helena,F,40,0,,0,0,0,0,0,0,0,,
Series 10,Prue,10,Final,Henry,M,20,0,,0,0,0,0,0,0,0,,
Series 10,Prue,10,Final,Jamie,M,20,0,,0,0,0,0,0,0,0,,
Series 10,Prue,10,Final,Michael,M,26,0,,0,0,0,0,0,0,0,,
Series 10,Prue,10,Final,Michelle,F,35,0,,0,0,0,0,0,0,0,,
Series 10,Prue,10,Final,Phil,M,56,0,,0,0,0,0,0,0,0,,
Series 10,Prue,10,Final,Priya,F,34,0,,0,0,0,0,0,0,0,,
Series 10,Prue,10,Final,Rosie,F,28,0,,0,0,0,0,0,0,0,,
Series 10,Prue,10,Final,Steph,F,28,0,3,0,0,0,0,1,1,0,,
Series 11,Prue,1,Cake,Dave,M,30,0,9,0,0,0,0,0,1,0,,
Series 11,Prue,1,Cake,Hermine,F,39,0,5,0,1,0,0,0,1,0,,
Series 11,Prue,1,Cake,Laura,F,31,0,6,0,0,0,0,0,1,0,,
Series 11,Prue,1,Cake,Linda,F,61,0,12,0,0,1,0,0,1,0,,
Series 11,Prue,1,Cake,Loriea,F,27,0,10,0,0,1,0,1,1,0,,
Series 11,Prue,1,Cake,Lottie,F,31,0,4,0,0,0,0,0,1,0,,
Series 11,Prue,1,Cake,Mak,M,51,0,8,0,0,0,0,0,1,0,,
Series 11,Prue,1,Cake,Marc E,M,51,0,11,0,0,1,0,0,1,0,,
Series 11,Prue,1,Cake,Mark L,M,32,0,7,0,0,0,0,0,1,0,,
Series 11,Prue,1,Cake,Peter,M,20,0,2,0,1,0,1,0,1,1,,
Series 11,Prue,1,Cake,Rowan,M,55,0,3,0,0,0,0,0,1,0,,
Series 11,Prue,1,Cake,Sura,F,31,0,1,0,1,0,0,0,1,0,,
Series 11,Prue,2,Biscuits,Dave,M,30,0,1,0,1,0,1,0,1,0,,
Series 11,Prue,2,Biscuits,Hermine,F,39,0,5,0,0,0,0,0,1,0,,
Series 11,Prue,2,Biscuits,Laura,F,31,0,7,0,0,0,0,0,1,0,,
Series 11,Prue,2,Biscuits,Linda,F,61,0,4,0,0,0,0,0,1,0,,
Series 11,Prue,2,Biscuits,Loriea,F,27,0,,0,0,0,0,0,0,0,,
Series 11,Prue,2,Biscuits,Lottie,F,31,1,8,0,0,0,0,0,1,0,,
Series 11,Prue,2,Biscuits,Mak,M,51,0,3,0,0,1,0,1,1,0,,
Series 11,Prue,2,Biscuits,Marc E,M,51,0,9,0,1,0,0,0,1,0,,
Series 11,Prue,2,Biscuits,Mark L,M,32,0,2,0,1,0,0,0,1,0,,
Series 11,Prue,2,Biscuits,Peter,M,20,0,10,0,0,0,0,0,1,1,,
Series 11,Prue,2,Biscuits,Rowan,M,55,0,11,0,0,1,0,0,1,0,,
Series 11,Prue,2,Biscuits,Sura,F,31,0,6,0,0,0,0,0,1,0,,
Series 11,Prue,3,Bread,Dave,M,30,0,9,0,0,1,0,0,1,0,,
Series 11,Prue,3,Bread,Hermine,F,39,0,7,0,0,0,0,0,1,0,,
Series 11,Prue,3,Bread,Laura,F,31,0,6,0,0,0,0,0,1,0,,
Series 11,Prue,3,Bread,Linda,F,61,0,1,0,0,0,0,0,1,0,,
Series 11,Prue,3,Bread,Loriea,F,27,0,,0,0,0,0,0,0,0,,
Series 11,Prue,3,Bread,Lottie,F,31,0,5,0,0,0,0,0,1,0,,
Series 11,Prue,3,Bread,Mak,M,51,0,,0,0,0,0,0,0,0,,
Series 11,Prue,3,Bread,Marc E,M,51,0,2,0,1,0,1,0,1,0,,
Series 11,Prue,3,Bread,Mark L,M,32,0,3,0,0,0,0,0,1,0,,
Series 11,Prue,3,Bread,Peter,M,20,0,4,0,0,1,0,0,1,1,,
Series 11,Prue,3,Bread,Rowan,M,55,0,10,0,0,1,0,1,1,0,,
Series 11,Prue,3,Bread,Sura,F,31,0,7,0,1,0,0,0,1,0,,
Series 11,Prue,4,Chocolate,Dave,M,30,0,8,0,0,1,0,0,1,0,,
Series 11,Prue,4,Chocolate,Hermine,F,39,0,5,0,0,0,0,0,1,0,,
Series 11,Prue,4,Chocolate,Laura,F,31,0,2,0,0,0,0,0,1,0,,
Series 11,Prue,4,Chocolate,Linda,F,61,0,1,0,0,0,0,0,1,0,,
Series 11,Prue,4,Chocolate,Loriea,F,27,0,,0,0,0,0,0,0,0,,
Series 11,Prue,4,Chocolate,Lottie,F,31,0,9,0,0,1,0,0,1,0,,
Series 11,Prue,4,Chocolate,Mak,M,51,0,,0,0,0,0,0,0,0,,
Series 11,Prue,4,Chocolate,Marc E,M,51,0,6,0,0,0,0,0,1,0,,
Series 11,Prue,4,Chocolate,Mark L,M,32,0,3,0,1,0,1,0,1,0,,
Series 11,Prue,4,Chocolate,Peter,M,20,0,4,0,1,0,0,0,1,1,,
Series 11,Prue,4,Chocolate,Rowan,M,55,0,,0,0,0,0,0,0,0,,
Series 11,Prue,4,Chocolate,Sura,F,31,0,7,0,0,1,0,1,1,0,,
Series 11,Prue,5,Pastry,Dave,M,30,0,5,0,1,0,0,0,1,0,,
Series 11,Prue,5,Pastry,Hermine,F,39,0,2,0,1,0,0,0,1,0,,
Series 11,Prue,5,Pastry,Laura,F,31,0,6,0,1,0,1,0,1,0,,
Series 11,Prue,5,Pastry,Linda,F,61,0,8,0,0,1,0,1,1,0,,
Series 11,Prue,5,Pastry,Loriea,F,27,0,,0,0,0,0,0,0,0,,
Series 11,Prue,5,Pastry,Lottie,F,31,0,4,0,0,0,0,0,1,0,,
Series 11,Prue,5,Pastry,Mak,M,51,0,,0,0,0,0,0,0,0,,
Series 11,Prue,5,Pastry,Marc E,M,51,0,7,0,0,1,0,0,1,0,,
Series 11,Prue,5,Pastry,Mark L,M,32,0,3,0,0,1,0,0,1,0,,
Series 11,Prue,5,Pastry,Peter,M,20,0,1,0,1,0,0,0,1,1,,
Series 11,Prue,5,Pastry,Rowan,M,55,0,,0,0,0,0,0,0,0,,
Series 11,Prue,5,Pastry,Sura,F,31,0,,0,0,0,0,0,0,0,,
Series 11,Prue,6,Japanese,Dave,M,30,0,3,0,1,0,0,0,1,0,,
Series 11,Prue,6,Japanese,Hermine,F,39,0,4,0,0,1,0,0,1,0,,
Series 11,Prue,6,Japanese,Laura,F,31,0,7,0,0,1,0,0,1,0,,
Series 11,Prue,6,Japanese,Linda,F,61,0,,0,0,0,0,0,0,0,,
Series 11,Prue,6,Japanese,Loriea,F,27,0,,0,0,0,0,0,0,0,,
Series 11,Prue,6,Japanese,Lottie,F,31,0,2,0,1,0,1,0,1,0,,
Series 11,Prue,6,Japanese,Mak,M,51,0,,0,0,0,0,0,0,0,,
Series 11,Prue,6,Japanese,Marc E,M,51,0,6,0,1,0,0,0,1,0,,
Series 11,Prue,6,Japanese,Mark L,M,32,0,5,0,0,1,0,1,1,0,,
Series 11,Prue,6,Japanese,Peter,M,20,0,1,0,0,0,0,0,1,1,,
Series 11,Prue,6,Japanese,Rowan,M,55,0,,0,0,0,0,0,0,0,,
Series 11,Prue,6,Japanese,Sura,F,31,0,,0,0,0,0,0,0,0,,
Series 11,Prue,7,1980s,Dave,M,30,0,6,0,0,0,0,0,1,0,,
Series 11,Prue,7,1980s,Hermine,F,39,0,1,0,1,0,1,0,1,0,,
Series 11,Prue,7,1980s,Laura,F,31,0,4,0,0,1,0,0,1,0,,
Series 11,Prue,7,1980s,Linda,F,61,0,,0,0,0,0,0,0,0,,
Series 11,Prue,7,1980s,Loriea,F,27,0,,0,0,0,0,0,0,0,,
Series 11,Prue,7,1980s,Lottie,F,31,0,5,0,0,1,0,1,1,0,,
Series 11,Prue,7,1980s,Mak,M,51,0,,0,0,0,0,0,0,0,,
Series 11,Prue,7,1980s,Marc E,M,51,0,3,0,1,0,0,0,1,0,,
Series 11,Prue,7,1980s,Mark L,M,32,0,,0,0,0,0,0,0,0,,
Series 11,Prue,7,1980s,Peter,M,20,0,2,0,0,0,0,0,1,1,,
Series 11,Prue,7,1980s,Rowan,M,55,0,,0,0,0,0,0,0,0,,
Series 11,Prue,7,1980s,Sura,F,31,0,,0,0,0,0,0,0,0,,
Series 11,Prue,8,Dessert,Dave,M,30,0,5,0,0,0,0,0,1,0,,
Series 11,Prue,8,Dessert,Hermine,F,39,0,3,0,1,0,1,0,1,0,,
Series 11,Prue,8,Dessert,Laura,F,31,0,1,0,1,0,0,0,1,0,,
Series 11,Prue,8,Dessert,Linda,F,61,0,,0,0,0,0,0,0,0,,
Series 11,Prue,8,Dessert,Loriea,F,27,0,,0,0,0,0,0,0,0,,
Series 11,Prue,8,Dessert,Lottie,F,31,0,,0,0,0,0,0,0,0,,
Series 11,Prue,8,Dessert,Mak,M,51,0,,0,0,0,0,0,0,0,,
Series 11,Prue,8,Dessert,Marc E,M,51,0,2,0,0,1,0,1,1,0,,
Series 11,Prue,8,Dessert,Mark L,M,32,0,,0,0,0,0,0,0,0,,
Series 11,Prue,8,Dessert,Peter,M,20,0,4,0,0,1,0,0,1,1,,
Series 11,Prue,8,Dessert,Rowan,M,55,0,,0,0,0,0,0,0,0,,
Series 11,Prue,8,Dessert,Sura,F,31,0,,0,0,0,0,0,0,0,,
Series 11,Prue,9,Pâtisserie,Dave,M,30,0,3,0,1,0,0,0,1,0,,
Series 11,Prue,9,Pâtisserie,Hermine,F,39,0,2,0,0,1,0,1,1,0,,
Series 11,Prue,9,Pâtisserie,Laura,F,31,0,4,0,0,1,0,0,1,0,,
Series 11,Prue,9,Pâtisserie,Linda,F,61,0,,0,0,0,0,0,0,0,,
Series 11,Prue,9,Pâtisserie,Loriea,F,27,0,,0,0,0,0,0,0,0,,
Series 11,Prue,9,Pâtisserie,Lottie,F,31,0,,0,0,0,0,0,0,0,,
Series 11,Prue,9,Pâtisserie,Mak,M,51,0,,0,0,0,0,0,0,0,,
Series 11,Prue,9,Pâtisserie,Marc E,M,51,0,,0,0,0,0,0,0,0,,
Series 11,Prue,9,Pâtisserie,Mark L,M,32,0,,0,0,0,0,0,0,0,,
Series 11,Prue,9,Pâtisserie,Peter,M,20,0,1,0,1,0,1,0,1,1,,
Series 11,Prue,9,Pâtisserie,Rowan,M,55,0,,0,0,0,0,0,0,0,,
Series 11,Prue,9,Pâtisserie,Sura,F,31,0,,0,0,0,0,0,0,0,,
Series 11,Prue,10,Final,Dave,M,30,0,1,0,0,0,0,1,1,0,,
Series 11,Prue,10,Final,Hermine,F,39,0,,0,0,0,0,0,0,0,,
Series 11,Prue,10,Final,Laura,F,31,0,3,0,0,0,0,1,1,0,,
Series 11,Prue,10,Final,Linda,F,61,0,,0,0,0,0,0,0,0,,
Series 11,Prue,10,Final,Loriea,F,27,0,,0,0,0,0,0,0,0,,
Series 11,Prue,10,Final,Lottie,F,31,0,,0,0,0,0,0,0,0,,
Series 11,Prue,10,Final,Mak,M,51,0,,0,0,0,0,0,0,0,,
Series 11,Prue,10,Final,Marc E,M,51,0,,0,0,0,0,0,0,0,,
Series 11,Prue,10,Final,Mark L,M,32,0,,0,0,0,0,0,0,0,,
Series 11,Prue,10,Final,Peter,M,20,0,2,0,0,0,1,0,1,1,,
Series 11,Prue,10,Final,Rowan,M,55,0,,0,0,0,0,0,0,0,,
Series 11,Prue,10,Final,Sura,F,31,0,,0,0,0,0,0,0,0,,