,Season,Week_Number,Week_Name,Baker,Gender,Age,Signature_Handshake,Technical_Rank,Showstopper_Handshake,Favorite,Least_Favorite,Star_Baker,Eliminated,Winner,signature,showstopper
0,2,1,Cake,Ben,M,31,0,2,0,0.0,0,0,0,0,Rhubarb and Custard CupcakesAfter Dinner Cupcakes,Vanilla Sponge with White Chocolate and Raspberry Buttercream
1,2,1,Cake,Holly,F,31,0,1,0,0.0,0,1,0,0,Cherry Bakewell Inspired CupcakesGinger Cupcakes with Fig Truffle,Novelty Farm Cake
2,2,1,Cake,Ian,M,40,0,10,0,0.0,0,0,0,0,Apple and Cinnamon Cupcakes,Unknown
3,2,1,Cake,Janet,F,63,0,8,0,0.0,0,0,0,0,Raspberry and Cream Cupcakes,Chocolate Marble Cakewith Dark and White Chocolate Truffles
4,2,1,Cake,Jason,M,19,0,6,0,0.0,0,0,0,0,Lemon Meringue CupcakesApple and Cinnamon Cupcakes,Unknown
5,2,1,Cake,Joanne,F,41,0,11,0,1.0,0,0,0,1,Chocolate Orange CupcakesOrange and Cardamom Cupcakes,Chocolate and Strawberry Cake
6,2,1,Cake,Keith,M,31,0,12,0,0.0,0,0,1,0,Earl Grey Cupcakes,Chocolate and Sour Cream Cake
7,2,1,Cake,Mary-Anne,F,45,0,4,0,0.0,0,0,0,0,Banoffee Cupcakes,Chocolate and Raspberry Opera Cake
8,2,1,Cake,Robert,M,25,0,3,0,0.0,1,0,0,0,Blackberry and Vanilla Cupcakeswith Liquorice Frosting,Genoise Layered Mousse Cakewith Chocolate Ganache
9,2,1,Cake,Simon,M,31,0,9,0,0.0,1,0,0,0,Guinness and Chocolate Cupcakes,Two-Tiered Chocolate Courgette Cake
10,2,1,Cake,Urvashi,F,40,0,7,0,0.0,0,0,0,0,Cherry Blossom CupcakesJapanese Lime Cupcakes,Orange Blossom Celebration Cake
11,2,1,Cake,Yasmin,F,43,0,5,0,0.0,0,0,0,0,Cardamom and Pomegranate Cupcakes,Unknown
12,2,2,Tarts,Ben,M,31,0,1,0,0.0,0,0,0,0,"Chorizo, Pepper and Gruyere Quiche",Lemon Meringue Tarts
13,2,2,Tarts,Holly,F,31,0,4,0,0.0,0,0,0,0,Pesto Quiche,Milk Chocolate and Pistachio TartsTrifle Tarts
14,2,2,Tarts,Ian,M,40,0,2,0,1.0,0,0,0,0,"Stilton, Spinach and New Potato Quichewith Paprika and Walnut Pastry",Unknown
15,2,2,Tarts,Janet,F,63,0,8,0,0.0,0,0,0,0,Quiche Printanière,Red Fruit TartsChocolate and Cherry Tarts
16,2,2,Tarts,Jason,M,19,0,3,0,0.0,0,1,0,0,Salmon and Pak Choi Quiche,Mint Chocolate TartsBlueberry Bakewell Tarts
17,2,2,Tarts,Joanne,F,41,0,10,0,0.0,1,0,0,1,"Caramelised Onion, Gruyere and Thyme Quiche",Raspberry and Mascarpone Tarts with Lemon and Almond PastryHoney and Almond Tarts with Sweetcrust
19,2,2,Tarts,Mary-Anne,F,45,0,9,0,0.0,0,0,0,0,"Roasted Cauliflower, Cheese andCaramelised Onion Quiche",Butterscotch Brulée Tarts in Pecan PastryApple Rose Tarts
20,2,2,Tarts,Robert,M,25,0,5,0,0.0,1,0,0,0,Smoked Bacon and Kale Quiche,"Chocolate, Fennel and Ginger TartAlmond, Creme Patisserie and Poached Pear Tart"
21,2,2,Tarts,Simon,M,31,0,11,0,0.0,0,0,1,0,Smoked Haddock and Watercress Quiche,"Passion Fruit and Ricotta TartsSalted Chocolate, Stem Ginger and Mascarpone Cream Tarts"
22,2,2,Tarts,Urvashi,F,40,0,7,0,0.0,0,0,0,0,"Crab, Coriander and Coconut Quiche",Strawberry and Basil TartsElderflower and Honeycomb Tarts
23,2,2,Tarts,Yasmin,F,43,0,6,0,0.0,0,0,0,0,Smoked Haddock and Watercress Quiche,Chocolate and Orange with Cinnamon-Orange Pastry TartsBlueberry and Hazelnut with Hazelnut Pastry Tarts
24,2,3,Bread,Ben,M,31,0,3,0,0.0,0,0,0,0,"Walnut, Raisin and Rosemary Loaf",Unknown
25,2,3,Bread,Holly,F,31,0,6,0,0.0,0,0,0,0,Picnic Loaf,Stilton and Walnut Rolls
26,2,3,Bread,Ian,M,40,0,10,0,0.0,0,0,1,0,"Courgette, Caerphilly Cheese and Thyme Loaf",Walnut and Raisin RollsCracked Wheat Logs
27,2,3,Bread,Janet,F,63,0,8,0,0.0,1,0,0,0,Zupfe Loaf with Gruyère Cheese,Apple and Walnut Granary Rolls Red Onion Cottage Rolls
28,2,3,Bread,Jason,M,19,0,7,0,0.0,0,0,0,0,Cheese and Onion Tear and Share Loaf,Unknown
29,2,3,Bread,Joanne,F,41,0,1,0,0.0,0,0,0,1,"Stromboli flavored with Mozzarella, Ham, and Picante Pepper",Unknown
31,2,3,Bread,Mary-Anne,F,45,0,5,0,1.0,0,0,0,0,Ploughman's Loaf,Herb and Walnut BreadsChocolate and Chilli Buns
32,2,3,Bread,Robert,M,25,0,4,0,0.0,1,0,0,0,Rye and Coriander Seed Loaf,Blueberry Brioche RollsLemon and Poppy Seed Rolls
34,2,3,Bread,Urvashi,F,40,0,9,0,0.0,0,0,1,0,Salt and Peppercorn Loaf,Chilli and Halloumi RollsLemon and Coriander Mini Loaves
35,2,3,Bread,Yasmin,F,43,0,2,0,0.0,0,1,0,0,Egyptian Dukkah Loaf with Mixed Spices,Pesto BreadSweet Coconut Rolls
36,2,4,Biscuits,Ben,M,31,0,5,0,0.0,0,0,1,0,Stem Ginger Nuts,Chocolate and Almond MacaronsPine Nut MacaronsPistachio Macarons
37,2,4,Biscuits,Holly,F,31,0,3,0,0.0,0,1,0,0,Strawberry and Custard Melts,"'Chocolate bars of my youth'(Caramel Macarons, Mint Chocolate Macarons and Chocolate Orange Macarons)"
39,2,4,Biscuits,Janet,F,63,0,4,0,0.0,0,0,0,0,Christmas Marzipan Biscuits,Raspberry MacaronsBlackcurrant MacaronsAlmond Macarons
40,2,4,Biscuits,Jason,M,19,0,1,0,0.0,0,1,0,0,Lebkuchen,"Mocktail Macarons(Mojito, Cranberry Cooler, and Pina Colada)"
41,2,4,Biscuits,Joanne,F,41,0,8,0,0.0,0,0,0,1,Lavender Biscuits,Blueberry MacaronsCoconut MacaronsStrawberry Macarons
43,2,4,Biscuits,Mary-Anne,F,45,0,2,0,1.0,0,0,0,0,Melting Moments,Blackcurrant and Mint MacaronsGooseberry and Elderflower MacaronsHazelnut Macarons
44,2,4,Biscuits,Robert,M,25,0,7,0,0.0,0,0,0,0,Chocolate and Ginger Oat Biscuits,Strawberry and Lime MacaronsLemon MacaronsChocolate and Cardamom Macarons
47,2,4,Biscuits,Yasmin,F,43,0,6,0,0.0,1,0,0,0,Chocolate Chip and Pistachio Biscotti,Chocolate and Lime MacaronsCoffee and Walnut MacaronsPineapple and Coconut Macarons
49,2,5,Pie,Holly,F,31,0,4,0,0.0,0,0,0,0,"Stilton, Potato and Caramelised Onion Pie",Lime Meringue Pie
51,2,5,Pie,Janet,F,63,0,1,0,0.0,0,1,0,0,Chicken and Chestnut Pie,Rhubarb Meringue Pie
52,2,5,Pie,Jason,M,19,0,7,0,0.0,0,0,1,0,Brown Down Chicken Pie,Plum Meringue Pie
53,2,5,Pie,Joanne,F,41,0,6,0,0.0,0,0,0,1,Salmon and Asparagus Pie,Apple and Raspberry Meringue Pie
55,2,5,Pie,Mary-Anne,F,45,0,2,0,1.0,0,0,0,0,Chicken and Bacon Pie,Midnight Meringue
56,2,5,Pie,Robert,M,25,0,3,0,0.0,0,0,1,0,Chicken and Mushroom Pie,Rhubarb & Custard Meringue Pie
59,2,5,Pie,Yasmin,F,43,0,5,0,0.0,1,0,0,0,Family Fish Pie,Peach and Raspberry Meringue Pie
61,2,6,Dessert,Holly,F,31,0,3,0,0.0,1,0,0,0,Father Christmas' Baked Cheesecake,Hansel and Gretel's Croquembouche
63,2,6,Dessert,Janet,F,63,0,5,0,0.0,0,0,0,0,Rhubarb and Ginger Baked Cheesecake,Orange and Nougatine Croquembouche
65,2,6,Dessert,Joanne,F,41,0,1,0,0.0,0,1,0,1,Rum and Raisin Baked Cheesecake,Limoncello and White Chocolate Croquembouche
67,2,6,Dessert,Mary-Anne,F,45,0,4,0,1.0,0,0,0,0,Tutti Fruitti Curd Baked Cheesecake,Orange and Praline Croquembouche with Cardamom Caramel
71,2,6,Dessert,Yasmin,F,43,0,2,0,0.0,0,0,1,0,Baked Amaretto Cheesecake,Rose Croquembouche
73,2,7,Pâtisserie,Holly,F,31,0,1,0,1.0,0,0,0,0,"White Chocolate, Hazelnut and Raspberry Génoise Mousse Cake","Apricot, Macadamia and White Chocolate PinwheelsAlmond CroissantsApple, Raisin and Cinnamon Plaits"
75,2,7,Pâtisserie,Janet,F,63,0,4,0,0.0,0,0,1,0,Chocolate Amaretto Mousse Cake,Pain Aux RaisinPlain CroissantPain Au Chocolat
77,2,7,Pâtisserie,Joanne,F,41,0,3,0,1.0,0,0,0,1,Raspberry & Strawberry Mousse Cake,Pain Aux RaisinChocolate TwistsBanana and Raisin Pastries
79,2,7,Pâtisserie,Mary-Anne,F,45,0,2,0,0.0,1,0,0,0,Chocolate and Orange Mousse Cake,Raspberry Rose DanishesPraline SpiralsAlsatian Plaited Danishes
85,2,8,Final,Holly,F,31,0,2,0,0.0,0,0,1,0,Banoffee Inspired Mille Feuille,Strawberry and Cream Meringue NestGooseberry and Elderflower 'Bakewell' TartsNeapolitan Ice-Cream Sandwich
89,2,8,Final,Joanne,F,41,0,1,0,0.0,0,1,0,1,Raspberry and Blueberry Mille Feuille,"Mini Victoria SandwichesRaspberry, White Chocolate and Pistachio Mini MeringuesMini Banoffee Pie with Banana Mousse"
91,2,8,Final,Mary-Anne,F,45,0,3,0,0.0,0,0,1,0,Lemon and Ginger Mille Feuille,Fruit Tarts with Elderflower CustardStrawberry and Rhubarb CheesecakesBlack Fruit Meringue with Everlasting Syllabub
96,3,1,Cake,Brendan,M,63,0,10,0,0.0,0,0,0,0,"Plum, Sour Cherry & Walnut Upside Down Cake",St. Patrick's Day Cake with Hidden Irish Flag[12]
97,3,1,Cake,Cathryn,F,27,0,5,0,1.0,0,0,0,0,"Apple, Hazelnut and Calvados Upside Down Cake",Hidden Cupcake Cake
98,3,1,Cake,Danny,F,45,0,7,0,0.0,0,0,0,0,"Plum, Ginger & Orange Upside Down Cake",Nectar Cake with Hidden Beehive[13]
99,3,1,Cake,James,M,21,0,2,0,0.0,0,0,0,0,"Parsnip, Pear, and Pecan Upside Down Cake","""Simmer Dim"" Sunset Cake"
100,3,1,Cake,John,M,23,0,11,0,0.0,0,0,0,1,"Toffee Apple, Orange & Cranberry Upside Down Cake",Hidden Pink Hearts Cake
101,3,1,Cake,Manisha,F,27,0,6,0,0.0,0,0,0,0,"Vanilla, Peach and Raspberry Upside Down Cake",White Chocolate Cake with a Red Velvet and White Chocolate Mousse Heart
102,3,1,Cake,Natasha,F,36,0,12,0,0.0,1,0,1,0,Pineapple & Passion Fruit Upside Down Cake,Mother's Day Layered Rose Cake
103,3,1,Cake,Peter,M,43,0,3,0,0.0,0,0,0,0,"Pear, Muscat & Chocolate Upside Down Cake",Jubilee Cake
104,3,1,Cake,Ryan,M,38,0,8,0,0.0,0,0,0,0,Kumquat and Orange Polenta Upside Down Cake,Hidden Flowerbed Mousse Cake
105,3,1,Cake,Sarah-Jane,F,28,0,1,0,0.0,0,0,0,0,"Pear, Chocolate and Hazelnut Upside Down Cake",Hidden Crown Cake
106,3,1,Cake,Stuart,M,26,0,9,0,0.0,1,0,0,0,Tomato and Ginger Upside Down Cake,Lemon and Pistachio Union Flag Cake
107,3,1,Cake,Victoria,F,50,0,4,0,1.0,0,1,0,0,Pear and Pecan Upside Down Cake,Blackbird Pie Cake
108,3,2,Bread,Brendan,M,63,0,4,0,1.0,0,0,0,0,Middle Eastern Taboon BreadIndian Roti,Chocolate and Vanilla Bagels; Cumin and Gruyere Bagels
109,3,2,Bread,Cathryn,F,27,0,8,0,0.0,0,0,0,0,"Spiced Mango NaanLime, Coriander and Chilli Tortillas","Cranberry and Orange Bagels; Chipotle, Chilli, and Smoked Cheddar Bagels"
110,3,2,Bread,Danny,F,45,0,3,0,0.0,0,0,0,0,Lime Coriander and Coconut TortillasZaatar Naan with Dukkah,Unknown
111,3,2,Bread,James,M,21,0,2,0,1.0,0,0,0,0,"Tomato, Garlic, and Parmesan FlatbreadsTattie Scones","Orange, Mint and Chocolate Bagels; 'Millers' Sourdough Bagels"
112,3,2,Bread,John,M,23,0,1,0,1.0,0,1,0,1,"Coriander and Chilli RotisGarlic, Pomegranate and Potato Pitas","Fig, Walnut and Gruyere Bagels;   Blueberry and White Chocolate Bagels"
113,3,2,Bread,Manisha,F,27,0,6,0,0.0,0,0,0,0,Indian FlatbreadsItalian Flatbreads,Chocolate Orange Bagels
115,3,2,Bread,Peter,M,43,0,11,0,0.0,1,0,1,0,Fennel and Nigella Seed NaanBannock Bread,Rosemary and Sea Salt Bagels; Apple and Cinnamon Bagels
116,3,2,Bread,Ryan,M,38,0,5,0,0.0,0,0,0,0,Shanghai Spring Onion FlatbreadsGarlic and Coriander Naan,Cinnamon and Date Bagels; Tarragon and Rosemary Bagels
117,3,2,Bread,Sarah-Jane,F,28,0,10,0,0.0,0,0,0,0,Coconut RotiOatcakes,Unknown
118,3,2,Bread,Stuart,M,26,0,9,0,0.0,1,0,0,0,Bombay BreadChorizo and Spring Onion Naan,Cinnamon and Cranberry Bagels; Tomato and Thyme Bagels
119,3,2,Bread,Victoria,F,50,0,7,0,0.0,1,0,0,0,Coriander and Lemon NaanGarlic and Parsnip Chapatis,Saffron and Golden Raisin Bagels; Porcini Bagels
120,3,3,Tarts,Brendan,M,63,0,9,0,0.0,1,0,0,0,Apple and Ginger Tarte Tatin,"Blackberry, Nectarine and Dragon Fruit Tart"
121,3,3,Tarts,Cathryn,F,27,0,3,0,0.0,0,0,0,0,"Plum, Cherry and Five Spice Tarte Tatin","Raspberry, Pistachio and Lemon Tart"
122,3,3,Tarts,Danny,F,45,0,2,0,0.0,0,0,0,0,Savoury Pear and Roquefort Tarte Tatin,"Pineapple, Coconut and Frangipane Tart"
123,3,3,Tarts,James,M,21,0,1,0,1.0,0,1,0,0,Apple and Lavender Tarte Tatin,"Rose, Lychee and Raspberry Fruit Tart"
124,3,3,Tarts,John,M,23,0,6,0,0.0,0,0,0,1,Apple and Vanilla Tarte Tatin with Walnut Praline,"Berries, Grapes, Pomegranate, and Dragon Fruit Tart"
125,3,3,Tarts,Manisha,F,27,0,10,0,0.0,0,0,0,0,"Cinnamon, Apple and Pear Tarte Tatin",Rum and Tropical Fruit Tart
128,3,3,Tarts,Ryan,M,38,0,5,0,0.0,0,0,0,0,Spiced Pear Tarte Tatin,Unknown
129,3,3,Tarts,Sarah-Jane,F,28,0,8,0,0.0,0,0,0,0,Caramelised Banana Tarte Tatin,French Apple Tart with Blackberry and Cassis Jam
130,3,3,Tarts,Stuart,M,26,0,7,0,1.0,0,0,0,0,Pear and Almond Tarte Tatin,Raspberry Triple Chocolate Layered Tart
131,3,3,Tarts,Victoria,F,50,0,4,0,0.0,1,0,1,0,"Fig, Walnut and Pink Peppercorn Tarte Tatin",Tropical Fruit Tart with Black Pepper Crust
132,3,4,Dessert,Brendan,M,63,0,1,0,0.0,0,1,0,0,Clementine and Chestnut Torte,"Pear, Chocolate and Hazelnut Dacquoise"
133,3,4,Dessert,Cathryn,F,27,0,3,0,0.0,0,0,0,0,"White Chocolate, Macadamia and Coffee Torte","Gooseberry, Almond and Honey Meringue"
134,3,4,Dessert,Danny,F,45,0,2,0,1.0,0,0,0,0,"Blackberry, White Chocolate, Lemon and Elderflower Torte","'Monte Bianco' Chestnut, Chocolate and Coffee Dacquoise"
135,3,4,Dessert,James,M,21,0,5,0,0.0,0,0,0,0,"Hazelnut, Chocolate and Passionfruit Torte","Fig, Chestnut, Cherry and Chocolate Layered Meringue"
136,3,4,Dessert,John,M,23,0,6,0,0.0,0,0,0,1,'Torte Noir' Black Forest Torte with Boozy Cream,Elderflower and Bramble Berry Pavlova
137,3,4,Dessert,Manisha,F,27,0,9,0,0.0,1,0,0,0,"Almond, Chocolate and Cherry Torte",Tiramisu Layered Meringue Dessert
140,3,4,Dessert,Ryan,M,38,0,7,0,0.0,1,0,0,0,Green Tea Opera Torte,"Strawberry, Rose and Pistachio Meringue"
141,3,4,Dessert,Sarah-Jane,F,28,0,4,0,0.0,0,0,0,0,Chocolate and Almond Truffle Torte,Hazelnut Tiramisu Layered Meringue
142,3,4,Dessert,Stuart,M,26,0,8,0,0.0,0,0,1,0,Black Forest Torte,Choca Blocka Mocha Meringue
144,3,5,Pie,Brendan,M,63,0,3,0,1.0,0,0,0,0,Salmon Coulibiac in a Scandinavian Pastry,All American Chiffon Pie
145,3,5,Pie,Cathryn,F,27,0,1,0,0.0,0,0,0,0,Full English Wellington,Chocolate and Peanut Butter Pumpkin Pie
146,3,5,Pie,Danny,F,45,0,7,0,0.0,1,0,0,0,"Chickpea, Spinach & Mushroom Wellington",Trick or Treat Pumpkin Pie
147,3,5,Pie,James,M,21,0,6,0,0.0,0,0,0,0,Four Pig Wellington,Sweet Potato Pie
148,3,5,Pie,John,M,23,0,2,0,0.0,0,0,0,1,Venison and Haggis Wellington,Star Spangled Pecan Pie
149,3,5,Pie,Manisha,F,27,0,5,0,0.0,1,0,1,0,Lamb Wellington with Rosemary and Mint,Banana Scotch Pie
152,3,5,Pie,Ryan,M,38,0,8,0,1.0,0,1,0,0,Curry Spiced Seabass Wellington,Key Lime Pie
153,3,5,Pie,Sarah-Jane,F,28,0,4,0,0.0,1,0,0,0,Beef Wellington with Parma Ham and Gorgonzola Cheese,Chocolate and Banana Cream Pie
156,3,6,Pudding,Brendan,M,63,0,1,0,1.0,0,1,0,0,"Rhubarb, Strawberry and Ginger PuddingsSticky Toffee Puddings","Spinach, Cheese and Walnut Strudel"
157,3,6,Pudding,Cathryn,F,27,0,3,0,0.0,0,0,0,0,Chocolate Walnut Whip PuddingsElderflower Sponges,"Roasted Vegetable, Couscous and Sheep Cheese Strudel"
158,3,6,Pudding,Danny,F,45,0,2,0,1.0,0,0,0,0,Banoffee Puddings with Walnut Butterscotch SauceJubilee Chocolate Fondants,"Leek, Potato, Pistachio and Gruyère Strudel"
159,3,6,Pudding,James,M,21,0,7,0,0.0,1,0,0,0,Banana and Clove PuddingsClootie Dumplings,"Strawberry, Rhubarb and Ginger Strudel"
160,3,6,Pudding,John,M,23,0,5,0,0.0,1,0,0,1,Spicy Toffee PuddingsRaspberry and White Chocolate Puddings,Did not complete due to injury[1]
164,3,6,Pudding,Ryan,M,38,0,6,0,0.0,0,0,0,0,Chocolate FondantsSticky Ginger and Date Puddings,"Apple, Sour Cherry, Raisin and Mixed Nuts Strudel"
165,3,6,Pudding,Sarah-Jane,F,28,0,4,0,0.0,1,0,0,0,Sticky Toffee PuddingsGranny's Saucy Lemon Puddings,Sweet Strudel with Sour Cherries
168,3,7,Sweet Dough,Brendan,M,63,0,4,0,1.0,0,0,0,0,Chelsea Bunskis,Black Forest Christmas Stollen
169,3,7,Sweet Dough,Cathryn,F,27,0,5,0,0.0,1,0,0,0,Lady Arundel's Manchet Buns,Bonfire Night Tear 'N' Share Brioche
170,3,7,Sweet Dough,Danny,F,45,0,2,0,1.0,0,1,0,0,Bakewell Chelsea Buns,European Christmas Wreath
171,3,7,Sweet Dough,James,M,21,0,1,0,0.0,0,0,0,0,Easter Chelsea Buns,Whisky Kugelhopf-Brioche Baba
172,3,7,Sweet Dough,John,M,23,0,3,0,0.0,1,0,0,1,Cherry and Almond Saffron Buns,Marzipan Stollen
176,3,7,Sweet Dough,Ryan,M,38,1,6,0,0.0,0,0,1,0,Lardy Cakes,Char Siu Bao
177,3,7,Sweet Dough,Sarah-Jane,F,28,0,7,0,0.0,0,0,1,0,"Orange, Nutmeg and Saffron Buns",Sour Cherry and Dark Chocolate Christmas Plait
180,3,8,Biscuits,Brendan,M,63,0,2,0,0.5,0,0,0,0,Multi-Seed Savoury Crackers,Fantasy Gingerbread Bird House
181,3,8,Biscuits,Cathryn,F,27,0,5,0,0.0,0,0,1,0,Cheese and Pickle Crackers,Gingerbread Buckingham Palace
182,3,8,Biscuits,Danny,F,45,0,4,0,0.0,0,0,0,0,Spiced Almond Drinks Crackers,Gingerbread Big Ben
183,3,8,Biscuits,James,M,21,0,1,0,1.0,0,1,0,0,"Smoky Cayenne, Cumin and Chilli Crackers",Gingerbread Barn
184,3,8,Biscuits,John,M,23,0,3,0,1.0,0,0,0,1,Asian Spice Crackers,Gingerbread Roman Coliseum
192,3,9,Pâtisserie,Brendan,M,63,0,3,0,1.0,0,0,0,0,Coffee Meringue and Hazelnut CreamsApricot and Pistachio FriandsLime Curd Choux Pastry Cygnets,Gateau St. Honoré
194,3,9,Pâtisserie,Danny,F,45,0,4,0,0.0,1,0,1,0,Blackberry and Peppermint MacaronsMiniature Raspberry and Basil FinanciersOrange and White Chocolate Langues de Chat,Rosewater and Lychee St. Honoré
195,3,9,Pâtisserie,James,M,21,0,1,0,1.0,0,1,0,0,"Lemon and Rhubarb TartletsChocolate Indulgence Petits FoursChilli, Lime and Raspberry Macarons","Coffee, Caramel and Hazelnut Paris–Brest"
196,3,9,Pâtisserie,John,M,23,0,2,0,0.0,1,0,0,1,Lemon MadeleinesWhite Chocolate and Raspberry TartletsDark Chocolate and Cherry Macarons,Gateau St. Honoré a la Passion
204,3,10,Final,Brendan,M,63,0,2,0,0.0,0,0,1,0,Potato and Pepper Pithivier,Family Reunion Chiffon Cake
207,3,10,Final,James,M,21,0,1,0,0.0,0,0,1,0,Spanish Pithivier with Chorizo and Red Pepper,United Chiffon Cakes
208,3,10,Final,John,M,23,0,2,0,0.0,0,1,0,1,Italian Sausage and Roasted Vegetable Pithivier,Heaven and Hell Chiffon Cake
216,4,1,Cake,Ali,M,25,0,11,0,0.0,1,0,0,0,Rose and Pistachio Cake,"Chocolate, Raspberry and Passion Fruit Engagement Cake"
217,4,1,Cake,Beca,F,31,0,8,0,0.0,0,0,0,0,Grapefruit Sandwich Cake,Chocolate Cherry Indulgence
218,4,1,Cake,Christine,F,66,0,3,0,0.0,0,0,0,0,"Strawberry, Vanilla and Rosewater Summer Basket",Chocolate and Orange 'Fripperous' Hat Cake
219,4,1,Cake,Deborah,F,51,0,9,0,0.0,0,0,0,0,Pineapple Cake,'Coffee Time'
220,4,1,Cake,Frances,F,31,0,7,0,1.0,0,0,0,1,Giant Jam Sandwich,Secret Squirrel Cake
221,4,1,Cake,Glenn,M,37,0,4,0,0.0,0,0,0,0,Strawberries and Cream Cake,Almond and Espresso Chocolate Cake
222,4,1,Cake,Howard,M,51,0,6,0,1.0,0,0,0,0,Passion Fruit and Coconut Cake,Black Forest Revisited
223,4,1,Cake,Kimberley,F,30,0,10,0,0.0,0,0,0,0,Blood Orange Cake,"Chocolate, Raspberry & Basil Layer Cake"
224,4,1,Cake,Lucy,F,38,0,2,0,0.0,0,0,0,0,Timperley Early Cake,Thyme 'Wildwood' Cake
225,4,1,Cake,Mark,M,37,0,5,0,0.0,0,0,0,0,Lemon and Poppy Seed Cake,Chocolate Monster
226,4,1,Cake,Robert,M,54,0,1,0,1.0,0,1,0,0,Pecan and Apple Cake,Raspberry Chocolate Cake
227,4,1,Cake,Ruby,F,20,0,12,0,0.0,1,0,0,0,Rhubarb and Custard Sandwich Cake,Chocolate and Ginger Night Sky Cake
228,4,1,Cake,Toby,M,30,0,13,0,0.0,1,0,1,0,Spiced and Iced Carrot Cake,Two Tiered Chocolate Cake
229,4,2,Bread,Ali,M,25,0,9,0,0.0,0,0,0,0,Italian Grissini,Sweet and Savoury Yin Yang Bread
230,4,2,Bread,Beca,F,31,0,11,0,0.0,1,0,0,0,Fennel and Chilli Breadsticks,Five Strand Christmas Wreath
231,4,2,Bread,Christine,F,66,0,4,0,0.0,0,0,0,0,Mediterranean Breadsticks with Oregano,Double Plaited Loaf
232,4,2,Bread,Deborah,F,51,0,8,0,0.0,0,0,0,0,Fennel & Chilli Breadsticks,Walnut Fleur Loaf
233,4,2,Bread,Frances,F,31,0,2,0,0.0,0,0,0,1,Giant Matchsticks,Sailor's Knot
234,4,2,Bread,Glenn,M,37,0,7,0,0.0,0,0,0,0,Rosemary and Parmesan Grissini,Harvest Crown
235,4,2,Bread,Howard,M,51,0,10,0,0.0,0,0,0,0,Moroccan Breadsticks,Picasso Sun Bread
236,4,2,Bread,Kimberley,F,30,0,1,0,1.0,0,0,0,0,Nigella Seed and Parmesan Breadsticks,Peace Bread
237,4,2,Bread,Lucy,F,38,0,12,0,0.0,1,0,1,0,Grissini with Salt,Roasted Tomato Bread
238,4,2,Bread,Mark,M,37,0,6,0,0.0,1,0,0,0,Rosemary & Raisin Breadsticks,Sage and Garlic Plait
239,4,2,Bread,Robert,M,54,0,5,0,0.0,0,0,0,0,Twisty Rye Bread Sticks,Tribute Loaf
240,4,2,Bread,Ruby,F,20,0,3,0,1.0,0,1,0,0,Mexican Breadsticks,White Chocolate and Orange Peacock Bread
242,4,3,Dessert,Ali,M,25,0,5,0,0.0,0,0,0,0,"Coconut, Raspberry and Lemon Meringue Trifle",Vanilla Latte Mini CakesLime & Mint Shortbread Pops
243,4,3,Dessert,Beca,F,31,0,10,0,0.0,0,0,0,0,Orange and Ginger Trifle,Limoncello and Blueberry BurstsMillionaire Shortbread
244,4,3,Dessert,Christine,F,66,0,4,0,1.0,0,1,0,0,Caribbean Pina Colada Trifle,Ninety-NinersSachertorte Parcels
245,4,3,Dessert,Deborah,F,51,0,9,0,0.0,1,0,1,0,Tropical Trifle*,Canelé Cherry and Chocolate CakesRose Cookies
246,4,3,Dessert,Frances,F,31,0,8,0,0.0,0,0,0,1,Apple and Blackberry Crumble Trifle,'Ballet Bites' Ginger NutcrackersSugar Plum Fairy Cakes
247,4,3,Dessert,Glenn,M,37,0,1,0,0.0,0,0,0,0,Raspberry and Almond Trifle,Billionaire BouchéesOrange Financiers
248,4,3,Dessert,Howard,M,51,0,7,0,0.0,1,0,0,0,Caramel and Apple Trifle*,Black Coffee and Cardamom CakesWhite Stilton and Pear Biscuits
249,4,3,Dessert,Kimberley,F,30,0,6,0,0.0,0,0,0,0,"Peach, Almond and Ginger Trifle",Chocolate Pistachio FinanciersLemon Bergamot Biscuits
251,4,3,Dessert,Mark,M,37,0,11,0,0.0,1,0,1,0,"Ginger, Mango and Passion Fruit Trifle",Rose and Pistachio MacaronsChocolate and Raspberry Bites
252,4,3,Dessert,Robert,M,54,0,2,0,0.0,0,0,0,0,Rhubarb and Orange Trifle,Almond FriandsTurón Macarons
253,4,3,Dessert,Ruby,F,20,0,3,0,1.0,0,0,0,0,Desert Island Trifle,Lemon Shortbread and White Chocolate SeashellsBlackberry and Chocolate Layer Cakes
255,4,4,Pie and Tart,Ali,M,25,0,8,0,0.0,1,0,1,0,Apple and Ginger Pie with a Pecan and Walnut Shortcrust Pastry,"Orange, Cardamom and Date M'Hanncha"
256,4,4,Pie and Tart,Beca,F,31,0,2,0,0.0,0,0,0,0,Mamgu's Cherry-Apple Tart,Moroccan Vegetable Filo Feast
257,4,4,Pie and Tart,Christine,F,66,0,7,0,0.0,0,0,0,0,"Granny Rogers' Apple, Plum & Cinnamon Country Pie",Roasted Vegetable Filo Pie with Feta Cheese
259,4,4,Pie and Tart,Frances,F,31,0,1,0,0.0,0,0,0,1,Peach Pie In the Sky,Cherry Tree Baklava Filo Pie
260,4,4,Pie and Tart,Glenn,M,37,0,9,0,0.0,1,0,0,0,Apple & Maple Syrup Pie,Spanakopita
261,4,4,Pie and Tart,Howard,M,51,0,5,0,0.0,0,0,0,0,Apple Pie with Sage Pastry,Fresh Fig and Feta Filo Flan
262,4,4,Pie and Tart,Kimberley,F,30,0,4,0,1.0,0,1,0,0,Pecan and Rosemary Caramel Apple Pie,"Chicken, Bacon and Butternut Squash Pie"
265,4,4,Pie and Tart,Robert,M,54,0,3,0,0.0,1,0,0,0,Apple and Pear Pie with Thyme,Spanakopita with St George's Mushrooms
266,4,4,Pie and Tart,Ruby,F,20,0,6,0,1.0,0,0,0,0,Apple and Marzipan Pie,"Rose, Almond and Raspberry Filo Pie"
269,4,5,Biscuits,Beca,F,31,0,5,0,0.0,0,0,0,0,"Chocolate, Cherry and Hazelnut Brownies",Tiered Macaron and Sugar Dough Biscuit Centrepiece
270,4,5,Biscuits,Christine,F,66,0,1,0,1.0,0,1,0,0,Mixed Berry and Almond Crumble Traybake,Shortbread Bavarian Clock Tower
272,4,5,Biscuits,Frances,F,31,0,3,0,0.0,0,0,0,1,Millionaire Banoffee Bonus,Biscuit Buttons and Beads
273,4,5,Biscuits,Glenn,M,37,0,2,0,1.0,0,0,0,0,Apricot and Pistachio Tiffin,Shortbread and Macaron Helter-Skelter
274,4,5,Biscuits,Howard,M,51,0,8,0,0.0,0,0,0,0,Breakfast Traybake,Japanese Pagoda Tea Tower
275,4,5,Biscuits,Kimberley,F,30,0,7,0,0.0,1,0,0,0,Cherry and Almond Bakewell Florentine Slice,Black and White Viennese Biscuit Stack
278,4,5,Biscuits,Robert,M,54,0,4,0,0.0,1,0,1,0,Blueberry & Orange Traybake,Dalek
279,4,5,Biscuits,Ruby,F,20,0,6,0,0.0,1,0,0,0,Blackberry and Lemon Bakewell Slice,'Dropped Ice-Cream' Biscuit Centrepiece
282,4,6,Sweet Dough,Beca,F,31,0,6,0,0.0,0,0,0,0,Bara Brith,Chocolate and Rum-Soaked Prune BriochesCardamom Spiced Lemon Iced Buns
283,4,6,Sweet Dough,Christine,F,66,0,4,0,0.0,0,0,0,0,Oxford Nutty Fruit Loaf,Schnecken BunsVanilla Custard Skolebrød
285,4,6,Sweet Dough,Frances,F,31,0,2,0,1.0,0,0,0,1,Chai Tea Loaf,Hot Cross BriochesRhubarb and Custard Kolaches
286,4,6,Sweet Dough,Glenn,M,37,0,5,0,0.0,1,0,0,0,Devonshire Panettone,Almond and Apricot BriochesSticky Caramel Kanelbullen
287,4,6,Sweet Dough,Howard,M,51,0,7,0,0.0,1,0,1,0,Date & Hemp Yorkshire Loaf,Peachy BunsGerman Baumschnecken
288,4,6,Sweet Dough,Kimberley,F,30,0,3,0,0.0,0,0,0,0,Chai Spiced Ginger and Date Tea Loaf,Double Chocolate and Hazelnut BriochesDanish Kanelsnurrer
292,4,6,Sweet Dough,Ruby,F,20,0,1,0,1.0,0,1,0,0,Citrus Tea Loaf,Twisted Swedish KanelbullarSaffron St. Lucia Buns
295,4,7,Pastry,Beca,F,31,0,1,0,1.0,0,0,0,0,Spring Lamb and Vegetable Suet Puddingwith Redcurrant Gravy,Nectarine and Frangipane SquaresChocolate and Hazelnut Vol-au-ventsStrawberries and Cream Mille-feuille
296,4,7,Pastry,Christine,F,66,0,6,0,0.0,1,0,0,0,Spotted Dick 'With a Kick'and Vanilla Custard Ice Cream,Eccles CakesFresh Fruit BasketsLemon Cream Eton Mess Mille-feuille
298,4,7,Pastry,Frances,F,31,0,5,0,1.0,0,1,0,1,Figgy Roll-y Poly Puddingwith Caramelised Walnut and Honey Ice-Cream,French Framboise Cream HornsSheet Music Mille-feuilleBass Clef Palmiers
299,4,7,Pastry,Glenn,M,37,0,3,0,0.0,1,0,1,0,Prune and Armagnac Puddingwith Boozy Butterscotch Sauce,Caramelised Apple and Marzipan TartletsChocolate Elephant EarsPassion Fruit Mille-feuille
301,4,7,Pastry,Kimberley,F,30,0,4,0,0.0,0,0,0,0,Barberry and Apple Spotted Dickwith Maple Syrup and White Chocolate Custard,"Pear, Malt and Butterscotch Mille-feuilleBlackberry and Lemon Verbena Crème Brûle Custard TartsFig, Orange and Thyme Galette"
305,4,7,Pastry,Ruby,F,20,0,2,0,0.0,0,0,0,0,Plum Jam Roly-Polywith Ginger Ice cream,Raspberry and Passion Fruit Mille-feuilleCaramelised Apple LatticePortuguese Custard Tarts
308,4,8,Unconventional,Beca,F,31,0,4,0,0.0,1,0,0,0,"Potato, Spelt and Rosemary Focaccia",Spiced Butternut Squash and Pecan 'Cheese' Cake
309,4,8,Unconventional,Christine,F,66,0,5,0,0.0,1,0,1,0,"Multi-Seeded Loaf with Pumpkin, Sesame and Sunflower Seeds",Sweet Potato Guitar with Passion Fruit Icing and Marshmallow Fondant
311,4,8,Unconventional,Frances,F,31,0,3,0,0.0,1,0,0,1,'Chelsea Flour Show' Bun Bouquet,Hidden Carrot Cake
314,4,8,Unconventional,Kimberley,F,30,0,2,0,1.0,0,0,0,0,Wild Garlic Pesto and Parma Ham Spelt Loaf,Butternut Squash and Spice Cake Toadstool House
318,4,8,Unconventional,Ruby,F,20,0,1,0,1.0,0,1,0,0,Mango and Nigella Seed Spelt Cob,Carrot Cake and Pistachio Garden Plot
321,4,9,Pâtisserie,Beca,F,31,0,3,0,0.0,1,0,1,0,Stilton and Walnut MacaronsBeetroot and Salmon Choux PuffsWelsh Rarebit Tartlets,Banoffee Opera Cake
324,4,9,Pâtisserie,Frances,F,31,1,2,0,1.0,0,0,0,1,"Légume Canapés
(Chantenay Carrots, Choux Pastry Tomatoes, and Cauliflower Cheese Scones)",Great British Soap Opera Cake
327,4,9,Pâtisserie,Kimberley,F,30,0,1,0,1.0,0,1,0,0,Pea Purée TartsCrab and Wasabi ProfiterolesSteamed Buns with Barbecue Chicken,Passion Fruit and Lime Opera Cake
331,4,9,Pâtisserie,Ruby,F,20,0,4,0,0.0,1,0,0,0,"Beetroot Jelly on Poppy Seed BiscuitsSpinach, Parmesan and Egg TartletsChoux Buns with Goat's Cheese and Caramelised Onions","Chocolate, Almond Praline and Saffron Opera Cake"
337,4,10,Final,Frances,F,31,0,3,0,0.0,0,1,0,1,Rainbow Picnic Pie,Midsummer Night's Dream Wedding Cake
340,4,10,Final,Kimberley,F,30,0,1,0,0.0,0,0,1,0,Chicken and Pig Pie,Languages of Love Wedding Cake
344,4,10,Final,Ruby,F,20,0,2,0,0.0,0,0,1,0,Picnic Basket Pie,"Raspberry, Lemon and Passion Fruit Wedding Cake"
346,5,1,Cake,Chetna,F,35,0,3,0,0.0,0,0,0,0,"Cardamom, Pistachio and Coffee Swiss Roll",Tiered Victoria Sponges with Lemon Curd and Raspberry Cream
347,5,1,Cake,Claire,F,31,0,8,0,0.0,1,0,1,0,Chocolatey Orangey Swirly Roll,Mini Chocolate and Cherry Cakes
348,5,1,Cake,Diana,F,69,0,5,0,0.0,0,0,0,0,Mum's Sunday Tea Lemon Curd Swiss Roll,Chocolate Ganache Surprises
349,5,1,Cake,Enwezor,M,39,0,9,0,0.0,0,0,0,0,Raspberry and Lemon Swiss Roll,Coffee and Walnut Battenberg Squares
350,5,1,Cake,Iain,M,31,0,4,0,0.0,1,0,0,0,Apricot and Basil Swiss Roll with Mascarpone and White Chocolate Cream,"Lemon Drizzle Cakes with Mascarpone Filling, Drizzled Icing, and Candied Lemon"
351,5,1,Cake,Jordan,M,32,0,12,0,0.0,1,0,0,0,Kawaii Frasier Swiss Roll,Lemon Drizzle Cakes with Blueberry and Lemon Curd
352,5,1,Cake,Kate,F,41,0,6,0,0.0,0,0,0,0,Red Velvet and White Chocolate Swiss Roll,Mini Tiered Victoria Sponges
353,5,1,Cake,Luis,M,42,0,7,0,0.0,0,0,0,0,Spanish Swiss Roll,Raspberry and Lemon Genoise Slices with Lemon Drizzles
354,5,1,Cake,Martha,F,17,0,2,0,1.0,0,0,0,0,Tiramisu Swiss Roll,Mini Lemon and Thyme Drizzle Cakes
355,5,1,Cake,Nancy,F,60,0,1,0,1.0,0,1,0,1,Coffee and Hazelnut Swiss Roll,Jaffa Orange Cakes
356,5,1,Cake,Norman,M,66,0,11,0,0.0,0,0,0,0,Black Forest Swiss Roll,Almond and Raspberry Mini Cakes
357,5,1,Cake,Richard,M,38,0,10,0,1.0,0,0,0,0,Pistachio and Strawberry Swiss Roll,Miniature Coffee and Walnut Cakes
358,5,2,Biscuits,Chetna,F,35,0,8,0,0.0,0,0,0,0,Fenugreek and Carom Crackers,Day On The Beach
360,5,2,Biscuits,Diana,F,69,0,7,0,0.0,0,0,0,0,Parmesan Triangles,"Express, First Class"
361,5,2,Biscuits,Enwezor,M,39,0,9,0,0.0,1,0,1,0,Pumpkin and Sunflower Savoury Biscuits,Space Adventure Moon Scene
362,5,2,Biscuits,Iain,M,31,0,11,0,0.0,0,0,0,0,Za'atar and Fig Biscuits,Wild West Scene
363,5,2,Biscuits,Jordan,M,32,0,6,0,0.0,0,0,0,0,"Sourdough, Parmesan and Chilli Biscuits",Monster Attack
364,5,2,Biscuits,Kate,F,41,0,4,0,0.0,0,0,0,0,Parmesan and Apple Biscuits,Tea Time
365,5,2,Biscuits,Luis,M,42,0,3,0,1.0,0,0,0,0,Black Olive and Rosemary Biscuits with Caramelised Onion Glaze,George Versus The Dragon
366,5,2,Biscuits,Martha,F,17,0,5,0,0.0,0,0,0,0,Caramelised Onion and Goat's Cheese Sandwich Biscuits,Ski Village Scene
367,5,2,Biscuits,Nancy,F,60,0,2,0,0.0,0,0,0,1,Fennel and Rye Thins,Hansel and Gretel Scene
368,5,2,Biscuits,Norman,M,66,1,10,0,0.0,1,0,0,0,Farthing Biscuits,Zulu Boats at Dawn
369,5,2,Biscuits,Richard,M,38,0,1,0,1.0,0,1,0,0,Rosemary Seeded Crackers,Pirates!
370,5,3,Bread,Chetna,F,35,0,8,0,0.0,0,0,0,0,Onion and Pine Nut Rolls,Rolled and Filled Twin Loaf
372,5,3,Bread,Diana,F,69,0,7,0,0.0,0,0,0,0,Rustic Picnic Rolls,Sharing Savoury Pinwheel
374,5,3,Bread,Iain,M,31,0,9,0,0.0,0,0,0,0,Cranberry and Walnut Rye Bread Rolls,Moroccan Plaited with a Bessara Dip
375,5,3,Bread,Jordan,M,32,0,10,0,0.0,1,0,1,0,Rye and Spelt Bread Rolls,Strawberry Raspberry Cheesecake Brioche
376,5,3,Bread,Kate,F,41,0,1,0,1.0,0,0,0,0,Orange and Cardamom Rye Bread Knots,"Prosciutto, Olive & Coriander Bread"
377,5,3,Bread,Luis,M,42,1,2,0,1.0,0,1,0,0,Opposites Attract Rolls,Roscón de Reyes
378,5,3,Bread,Martha,F,17,0,3,0,0.0,0,0,0,0,Date and Walnut Rye Rolls,Stuffed Sunflower Loaf
379,5,3,Bread,Nancy,F,60,0,5,0,0.0,0,0,0,1,Cider and Walnut Crusty Rolls,'Full English' Stromboli
380,5,3,Bread,Norman,M,66,0,4,0,0.0,1,0,0,0,Rye Bread Rolls,Chicken and Roasted Vegetable Picnic Loaf
381,5,3,Bread,Richard,M,38,0,6,0,0.0,0,0,0,0,Rye and Cranberry Rolls,Pesto Pinwheel
382,5,4,Dessert,Chetna,F,35,0,3,0,0.0,0,0,0,0,"Rhubarb, Strawberry and Orange Puddings","Mango, Raspberry and Coconut Baked Alaska"
384,5,4,Dessert,Diana,F,69,0,9,0,0.0,0,0,0,0,Orange and Lemon Curd Pots,Raspberry Ripple Alaska Swan
386,5,4,Dessert,Iain,M,31,0,6,0,0.0,1,0,1,0,"Chocolate, Lime and Raspberry Fondants","Chocolate, Black Sesame Seed and Coffee Caramel Baked Alaska (not presented)"
388,5,4,Dessert,Kate,F,41,0,7,0,1.0,0,0,0,0,Chocolate and Salted Caramel Molten Puddings,"Pistachio, Raspberry and Chocolate Baked Alaska"
389,5,4,Dessert,Luis,M,42,0,2,0,0.0,0,0,0,0,Pears in Puddings,Bakewell Alaska
390,5,4,Dessert,Martha,F,17,0,1,0,0.0,0,0,0,0,Peanut Butter Chocolate Fondants,Key Lime Baked Alaska
391,5,4,Dessert,Nancy,F,60,0,4,0,0.0,0,0,0,1,Pistachio Puddings with Chocolate Sauce,Summer Pudding Alaska
392,5,4,Dessert,Norman,M,66,0,8,0,0.0,1,0,0,0,Mini Sticky Toffee Puddings,Baked Alaska with Strawberry Surprise
393,5,4,Dessert,Richard,M,38,0,5,0,1.0,0,1,0,0,Black Forest Chocolate Fondants,Tiramisu Baked Alaska
394,5,5,Pie and Tart,Chetna,F,35,0,2,0,0.0,0,0,0,0,Rice Custard Tart with Mangoes and Raspberries,Fusion Tiered Pies
400,5,5,Pie and Tart,Kate,F,41,0,3,0,1.0,0,1,0,0,Rhubarb and Custard Tart,"Rhubarb, Prune and Apple Pies"
401,5,5,Pie and Tart,Luis,M,42,0,6,0,0.0,0,0,0,0,Tropical Manchester Tart,Four Fruity Seasons Tower
402,5,5,Pie and Tart,Martha,F,17,0,1,0,0.0,1,0,0,0,"Pistachio, Apricot and Honey Custard Tart",Three Little Pigs Pie
403,5,5,Pie and Tart,Nancy,F,60,0,4,0,1.0,0,0,0,1,Chocolate Crusted Passion Fruit Tart,Trio of Apple Pies
404,5,5,Pie and Tart,Norman,M,66,0,5,0,0.0,1,0,1,0,Tarte au Citron,Pieful Tower
405,5,5,Pie and Tart,Richard,M,38,0,7,0,0.0,1,0,0,0,Fig and Orange Tart,Three Course Autumn Pie Feast
406,5,6,European Cakes,Chetna,F,35,0,2,0,1.0,0,1,0,0,Orange Savarin with Cinnamon Cream,Almond Liqueur Dobos Torte with Chocolate Caramel Buttercream
412,5,6,European Cakes,Kate,F,41,0,6,0,0.0,1,0,0,0,"Pecan, Chocolate and Sour Cherry Yeast Cake",Trio of Dobos Tortes
413,5,6,European Cakes,Luis,M,42,0,3,0,1.0,0,0,0,0,Apple and Cinnamon Kugelhopf with Honeyed Apples,The Cage on the Rocky Hill
414,5,6,European Cakes,Martha,F,17,0,4,0,0.0,0,0,0,0,Dark Chocolate and Almond Liqueur Savarin,Chess-Themed Chocolate and Salted Caramel Dobos Torte
415,5,6,European Cakes,Nancy,F,60,0,1,0,1.0,0,0,0,1,Rum Punch Savarin with Coconut Cream and Tropical Fruits,Chocolate and Caramel Dobos Torte
417,5,6,European Cakes,Richard,M,38,0,5,0,0.0,1,0,0,0,Fruity Guglhupf with an Orange Glaze,Sugar Forest Dobos Torte
418,5,7,Pastry,Chetna,F,35,0,6,0,0.0,0,0,0,0,Crispy Lentil Kachori,Chocolate & Mango and Lemon Meringue Éclairs
424,5,7,Pastry,Kate,F,41,0,4,0,0.0,1,0,1,0,Spinach and Paneer Spicy Samosa,Neapolitan and Lemon Meringue Éclairs
425,5,7,Pastry,Luis,M,42,0,5,0,0.0,0,0,0,0,Childhood Empanadas,Stars and Stripes Éclairs
426,5,7,Pastry,Martha,F,17,0,3,0,0.0,1,0,0,0,Mini Beef Wellingtons,Rhubarb & Custard and Maple Syrup & Bacon Éclairs
427,5,7,Pastry,Nancy,F,60,0,2,0,1.0,0,0,0,1,Spicy Duck Pasties,Smoked Salmon & Horseradish and Raspberry Ripple Éclairs
429,5,7,Pastry,Richard,M,38,0,1,0,0.0,0,1,0,0,Minted Lamb Pasties,Stair of Éclairs: Blueberry & Lavender and Raspberry & Rose
430,5,8,Advanced Dough,Chetna,F,35,0,1,0,0.0,0,0,0,0,Date and Walnut Swirl Bread,Chocolate Mousse Filled DoughnutsBraided Doughnuts
437,5,8,Advanced Dough,Luis,M,42,0,2,0,1.0,0,0,0,0,Black Forest Cherry Tree,Cocktail Doughnuts
438,5,8,Advanced Dough,Martha,F,17,0,5,0,0.0,1,0,1,0,Spiced Plum Iced Bread Swirl,Glazed Lemon & Poppyseed DoughnutsChocolate & Passion Fruit Doughnuts
439,5,8,Advanced Dough,Nancy,F,60,0,3,0,0.5,0,0,0,1,Lincolnshire Plum Braid,Doughnut Family Tree
441,5,8,Advanced Dough,Richard,M,38,0,4,0,1.0,0,1,0,0,Fruit Swedish Tea Ring,Rhubarb and CustardToffee Apple Doughnuts
442,5,9,Pâtisserie,Chetna,F,35,0,4,0,0.0,1,0,1,0,Chocolate Orange Baklava Masala Chai Baklava,"Chocolate, Orange & Nut EntremetsCappuccino Entremets"
449,5,9,Pâtisserie,Luis,M,42,0,1,0,1.0,0,0,0,0,Indian Rose BaklavaHalwa Baklava Rolls,"Chocolate Mousse & Cherry EntremetsPomegranate, Fig & Pistachio Sponges"
451,5,9,Pâtisserie,Nancy,F,60,0,3,0,0.0,1,0,0,1,Coffee and Chocolate BaklavaBreakfast Baklava,Raspberry NonnettesLime and Passion Fruit Entremets
453,5,9,Pâtisserie,Richard,M,38,0,2,0,1.0,0,1,0,0,Rose and Pistachio BaklavaWalnut and Almond Baklava,Hazelnut Mocha EntremetsPink Grapefruit Entremets
461,5,10,Final,Luis,M,42,0,2,0,0.0,0,0,1,0,"Apple, Walnut, Raisin and Cheshire Cheese ChaussonsPain au Chocolat Blanc with Raspberries and Cream Cheese",Village in Chocolate
463,5,10,Final,Nancy,F,60,0,1,0,0.0,0,1,0,1,Apple and Lemon KitesRaspberry and Almond Croissants,Red Windmill
465,5,10,Final,Richard,M,38,0,3,0,0.0,0,0,1,0,Pear Pain au ChocolatPain Au Lait,Mill on the Hill
466,6,1,Cake,Alvin,M,37,0,2,0,0.0,0,0,0,0,Orange Vanilla and Fig Madeira Cake,Black Forest Gâteau
467,6,1,Cake,Dorret,F,53,0,5,0,0.0,1,0,0,0,Madeira Cake with Candied Lemons,Enchanted Forest Gâteau
468,6,1,Cake,Flora,F,19,0,6,0,1.0,0,0,0,0,Blood Orange Madeira Cake,Black Forest Gâteau
469,6,1,Cake,Ian,M,41,0,8,0,0.0,0,0,0,0,Somewhere West of Madeira Cake,Black Forest Cherry Tree
470,6,1,Cake,Marie,F,66,0,3,0,1.0,0,1,0,0,Zingy Citrus Madeira Cake,A Walk in the Black Forest
471,6,1,Cake,Mat,M,37,0,7,0,0.0,0,0,0,0,Gin and Tonic Madeira Cake,Black Forest Gateau
472,6,1,Cake,Nadiya,F,30,0,12,0,1.0,0,0,0,1,Orange and Green Cardamom Madeira Cake,Quadruple Chocolate Black Forest Gâteau
473,6,1,Cake,Paul,M,49,0,10,0,0.0,0,0,0,0,"Lemon, Ginger and Caraway Seed Madeira Cake",Black Forest Chocolate Creation
474,6,1,Cake,Sandy,F,49,0,9,0,0.0,0,0,0,0,Madeira Cake with Almond Liqueur and Chopped Apricots,Black Forest Gâteau
475,6,1,Cake,Stu,M,35,0,11,0,0.0,1,0,1,0,Marley Madeira Cake,Purple Forest Gâteau
476,6,1,Cake,Tamal,M,29,0,4,0,1.0,0,0,0,0,Pistachio and Rose Madeira Cake,Black Forest Gâteau in a Chocolate Shell
477,6,1,Cake,Ugnė,F,32,0,1,0,0.0,1,0,0,0,Lemon and Thyme Madeira Cake,Falling Cup Gâteau
478,6,2,Biscuits,Alvin,M,37,0,6,0,0.0,0,0,0,0,"Jackfruit, Pistachio and Macadamia Biscotti",Gingerbread Box filled with Brandy Snaps
479,6,2,Biscuits,Dorret,F,53,0,1,0,0.0,1,0,0,0,Almond and Apricot Biscotti with Amber Sugar Crystals,Box of Frogs
480,6,2,Biscuits,Flora,F,19,0,2,0,0.0,0,0,0,0,Wedding Biscotti,Honey and Earl Grey Tea Box
481,6,2,Biscuits,Ian,M,41,0,3,0,1.0,0,1,0,0,"Orange, Rosemary and Almond Biscotti",Sandwich de la Confiture
482,6,2,Biscuits,Marie,F,66,0,11,0,0.0,1,0,1,0,Biscotti Italiano,Russian Box
483,6,2,Biscuits,Mat,M,37,0,5,0,1.0,0,0,0,0,"Pistachio, Cranberry and White Chocolate Biscotti",Gingerbread Fire Engine
484,6,2,Biscuits,Nadiya,F,30,0,9,0,0.0,0,0,0,1,"Coconut, Fennel and Pistachio Biscotti",Box of Fortunes
485,6,2,Biscuits,Paul,M,49,0,10,0,0.0,1,0,0,0,"Chocolate, Hazelnut and Fig Biscotti",Memory Box
486,6,2,Biscuits,Sandy,F,49,0,4,0,1.0,0,0,0,0,Chocolate Chunk and Hazelnut Biscotti,Sundried Tomato Cheese Biscuit Box
488,6,2,Biscuits,Tamal,M,29,0,8,0,0.0,0,0,0,0,"Cinnamon, Maple and Cranberry Biscotti",Chessboard Box
489,6,2,Biscuits,Ugnė,F,32,0,7,0,0.0,0,0,0,0,White Wine Biscotti,Baby Climbing into the Cookie Box
490,6,3,Bread,Alvin,M,37,0,4,0,1.0,0,0,0,0,"Prosciutto, Manchego and Balsamic Onion Soda Breads",Cornucopia
491,6,3,Bread,Dorret,F,53,0,6,0,0.0,1,0,1,0,Walnut and Stilton Soda Breads,Unmade Bread
492,6,3,Bread,Flora,F,19,0,2,0,0.0,0,0,0,0,Fig and Hazelnut Rye Breads,Herb Couture
493,6,3,Bread,Ian,M,41,0,1,0,1.0,0,1,0,0,Wild Garlic Pesto Soda Breads,Flour Power
495,6,3,Bread,Mat,M,37,0,8,0,0.0,1,0,0,0,"Jalapeño, Mexican Cheddar and Smoked Salt Soda Breads",Curry Inspired Brighton Pavilion
496,6,3,Bread,Nadiya,F,30,0,9,0,0.0,0,0,0,1,Mexican Bread with Warm Tomato Salsa,Snake Charmer's Basket
497,6,3,Bread,Paul,M,49,1,10,0,1.0,0,0,0,0,Cranberry and Orange Sweet Soda Breads,King of the Jungle*
498,6,3,Bread,Sandy,F,49,0,7,0,0.0,0,0,0,0,Soda Breads with Smoked Bacon and Onion,Basket of Bread Flowers with a Walnut and Blue Cheese Centre
500,6,3,Bread,Tamal,M,29,0,3,0,0.0,0,0,0,0,"Fig, Cheese and Walnut Breads",Breadcycle
501,6,3,Bread,Ugnė,F,32,0,5,0,0.0,0,0,0,0,Chocolate Quick Breads with Salted Caramel Sauce,Easter Basket
502,6,4,Dessert,Alvin,M,37,0,9,0,0.0,1,0,0,0,Blackberry Crème Brûlées,Tower of Fruits Cheesecakes
504,6,4,Dessert,Flora,F,19,0,3,0,0.0,0,0,0,0,Rhubarb and Ginger Crème Brûlées,Elderflower and Granola Cheesecakes
505,6,4,Dessert,Ian,M,41,0,4,0,1.0,0,1,0,0,Pomegranate Two Ways Crème Brûlées,Trio of Spicy and Herby Baked Cheesecakes
507,6,4,Dessert,Mat,M,37,0,7,0,0.0,0,0,0,0,Coconut Crème Brûlées,Chocolate Bar Cheesecakes
508,6,4,Dessert,Nadiya,F,30,0,8,0,1.0,0,0,0,1,Cinnamon Tea Crème Brûlées,Fizzy Pop Cheesecakes
509,6,4,Dessert,Paul,M,49,0,1,0,0.0,1,0,0,0,Almond Crème Brûlées,Berry Cheesecake Tower
510,6,4,Dessert,Sandy,F,49,0,6,0,0.0,1,0,1,0,Pontefract Crème Brûlées,"Cassata, Whisky and Orange & Apple Pie Cheesecakes"
512,6,4,Dessert,Tamal,M,29,0,5,0,1.0,0,0,0,0,Rhubarb and Ginger Crème Brûlées,"Mango, Hazelnut and Rosemary Cheesecake Trio"
513,6,4,Dessert,Ugnė,F,32,0,2,0,0.0,0,0,0,0,Marula Fruit and Coffee Liqueur Crème Brûlées,"Lime, Coconut and Hazelnut Cheesecakes"
514,6,5,Alternative,Alvin,M,37,0,8,0,0.0,0,0,0,0,Pineapple Upside Down Cake,"Buko Pandan, Mango and Passion Fruit Ice Cream Roll"
516,6,5,Alternative,Flora,F,19,0,3,0,0.0,1,0,0,0,"Pistachio, Apple and Cardamom Madeleine Cake",Chocolate and Pear Bûche
517,6,5,Alternative,Ian,M,41,0,5,0,0.0,0,0,0,0,Honey and Flowers Cake,Dessert Island
519,6,5,Alternative,Mat,M,37,0,4,0,0.0,0,0,0,0,Sugar Free Carrot Cake,Raspberry & Coconut Ice Cream Roll
520,6,5,Alternative,Nadiya,F,30,0,1,0,1.0,0,1,0,1,Naked Blueberry and Caraway Crunch Cake,Chocolate and Strawberry Lime Ice Cream Roll
521,6,5,Alternative,Paul,M,49,0,2,0,1.0,0,0,0,0,Carrot & Pecan Cake,Dessert Island Getaway
524,6,5,Alternative,Tamal,M,29,0,7,0,0.0,0,0,0,0,Honey and Grapefruit Polenta Cake,Passion Fruit and Pineapple Ice Cream Roll
525,6,5,Alternative,Ugnė,F,32,0,6,0,0.0,1,0,1,0,Chocolate and Hazelnut Sugar-Free Cake,"Chocolate, Peanut Butter and Grape Jam Roll"
526,6,6,Pastry,Alvin,M,37,0,6,0,0.0,1,0,1,0,Plum Frangipane Tart,Smoked Salmon En Croûte and Vermouth Chicken à la King Vol-au-vents
528,6,6,Pastry,Flora,F,19,0,2,0,1.0,0,0,0,0,Apricot and Rosemary Frangipane Tart,Asparagus and Parma Ham and Praline and Chocolate Vol-au-vents
529,6,6,Pastry,Ian,M,41,0,3,0,0.0,0,0,0,0,Pear and Raspberry Frangipane Tart,vol-au-vents Terre et Mer
531,6,6,Pastry,Mat,M,37,0,1,0,1.0,0,1,0,0,Piña Colada Frangipane Tart,His 'n' Hers Vol-au-vents
532,6,6,Pastry,Nadiya,F,30,0,4,0,0.0,1,0,0,1,"Bay Leaf, Rong Tea and Pear Tart",Bengali Korma and Clementine with Cod Vol-au-vents
533,6,6,Pastry,Paul,M,49,0,5,0,0.0,0,0,0,0,Christmas Frangipane Tart,Savoury and Sweet Bouchées
536,6,6,Pastry,Tamal,M,29,0,7,0,0.0,0,0,0,0,Spiced Pear Frangipane Tart,Fennel and Rosemary Pulled Pork and Chicken and Coriander vol-au-vents
540,6,7,Victorian,Flora,F,19,0,4,0,0.0,0,0,0,0,Game Pie with Shallot and Apple Chutney,"Raspberry, Pomegranate and Champagne Charlotte Russe"
541,6,7,Victorian,Ian,M,41,0,5,0,0.0,0,0,0,0,Roadkill Pie,Victoria's Crown Charlotte Russe
543,6,7,Victorian,Mat,M,37,0,6,0,0.0,1,0,1,0,Raised Venison and Pigeon Pie,Strawberry Charlotte Russe
544,6,7,Victorian,Nadiya,F,30,0,1,0,0.0,0,0,0,1,Aromatic Raised Game Pie,Mango and Raspberry Charlotte Russe
545,6,7,Victorian,Paul,M,49,0,2,0,0.0,1,0,0,0,Not a Boaring Pie,Charlotte Rose
548,6,7,Victorian,Tamal,M,29,1,3,0,0.0,0,1,0,0,Middle Eastern Game Pie,"Spiced Blackberry, Raspberry and Cardamom Charlotte Russe"
552,6,8,Pâtisserie,Flora,F,19,0,3,0,0.0,1,0,0,0,Peach & Lemon Thyme and Smoked Almond & Butterscotch Cream Horns,Lime & Basil and Coconut & White Chocolate Religieuse à l'ancienne
553,6,8,Pâtisserie,Ian,M,41,0,2,0,0.0,0,0,0,0,Mont Blanc & Black Forest Gâteau Horns,Nun with Hidden Passions
556,6,8,Pâtisserie,Nadiya,F,30,0,1,0,1.0,0,1,0,1,Rose Pistachio and Mocha Hazelnut Horns,Bubble Gum and Peppermint Cream Religieuse à l'ancienne
557,6,8,Pâtisserie,Paul,M,49,0,5,0,0.0,1,0,1,0,Café Tipple & Banana Crunch-away Horns,Religieuse à l'ancienne
560,6,8,Pâtisserie,Tamal,M,29,0,4,0,1.0,0,0,0,0,Lime & Mascarpone and Malt Cream Horns,Passionfruit & Mango and Pistachio & Raspberry Religieuse à l'ancienne
564,6,9,Chocolate,Flora,F,19,0,1,0,0.0,1,0,1,0,Passion Fruit and Chocolate Tart,Cocoa Carousel
565,6,9,Chocolate,Ian,M,41,0,3,0,0.0,1,0,0,0,Chocolate and Bay Tart,Chocolate Well
568,6,9,Chocolate,Nadiya,F,30,1,4,0,1.0,0,1,0,1,Peanut Salted Caramel and Chocolate Tart,Peacock in Nan's Door
572,6,9,Chocolate,Tamal,M,29,0,2,0,1.0,0,0,0,0,Chocolate New York Pie,Chocolate Bell Tower
577,6,10,Final,Ian,M,41,0,2,0,0.0,0,0,1,0,Elderflower and Lemon & Spiced Buns,Colossal Curvy Carrot Cake
580,6,10,Final,Nadiya,F,30,0,1,0,0.0,0,1,0,1,Cardamom and Almond Buns & Nutmeg and Sour Cherry Fingers,My Big Fat British Wedding Cake
584,6,10,Final,Tamal,M,29,0,3,0,0.0,0,0,1,0,Cinnamon and Apple & Toffee and Marmalade Iced Buns,Sticky Toffee Pudding Cake
586,7,1,Cake,Andrew,M,25,0,12,0,0.0,0,0,0,0,Lemon and Rosemary Drizzle Cake,'Ultimate Indulgence' Mirror Glaze Cake
587,7,1,Cake,Benjamina,F,23,0,6,0,1.0,0,0,0,0,"Pistachio, Cardamom and Lemon Drizzle Cake",White Chocolate Mirror Glaze with Salted Praline Buttercream
588,7,1,Cake,Candice,F,31,0,5,0,0.0,1,0,0,1,Raspberry and Rhubarb Drizzle Custard Bundt Cake,"Mirror Mirror On The Wall, Who Is The Shiniest Cake Of Them All?"
589,7,1,Cake,Jane,F,61,0,7,0,1.0,0,1,0,0,Lemon and Poppy Seed Drizzle Cake,Chocolate Orange Mirror Cake
590,7,1,Cake,Kate,F,37,0,4,0,0.0,0,0,0,0,Berry Best Apple and Bramble Drizzle Cake,One Swallow Does Not Make A Summer Cake
591,7,1,Cake,Lee,M,67,0,11,0,0.0,1,0,1,0,St. Clements Orange and Lemon Drizzle Cake,Strawberry Surprise Mirror Cake
592,7,1,Cake,Louise,F,46,0,9,0,0.0,0,0,0,0,Orange Liqueur and Lemonade Drizzle Cake,White Chocolate Trifle Mirror Glaze Cake
593,7,1,Cake,Michael,M,20,0,3,0,0.0,0,0,0,0,"Lime, Ginger and Honey Drizzle Cake",Matcha Tea Chocolate Mirror Glaze
594,7,1,Cake,Rav,M,28,0,8,0,0.0,0,0,0,0,Ginger Spice Yuzu Drizzle Cake,Colombian Mocha Mirror Glaze Cake
595,7,1,Cake,Selasi,M,30,0,1,0,1.0,0,0,0,0,Citrus and Spice Drizzle Cake,"Raspberry, Sloe and White Chocolate Mirror Glaze Cake"
596,7,1,Cake,Tom,M,26,0,2,0,0.0,0,0,0,0,G&T Drizzle Cake,Black Forest Broken Mirror
597,7,1,Cake,Val,F,66,0,10,0,0.0,1,0,0,0,Mum's Orange and Lemon Drizzle,Chocolate Sponge with Four Fruit Frosting
598,7,2,Biscuits,Andrew,M,25,0,4,0,1.0,0,0,0,0,Beehive Biscuits,Punting in Cambridge
599,7,2,Biscuits,Benjamina,F,23,0,3,0,0.0,0,0,0,0,Bouquet Biscuits,"New York, New York"
600,7,2,Biscuits,Candice,F,31,0,8,0,1.0,0,1,0,1,"Salted Caramel, Chocolate Iced Shiny Hearts",Gingerbread Pub with Sticky Ginger Carpet
601,7,2,Biscuits,Jane,F,61,0,2,0,0.0,0,0,0,0,Flower Pot Iced Biscuits,Hastings Old Town Fishing Net Shops and Boat
602,7,2,Biscuits,Kate,F,37,0,1,0,0.0,0,0,0,0,"""A Biscuit for the Broads""","""I Promise I Will Do My Best"""
604,7,2,Biscuits,Louise,F,46,0,10,0,0.0,1,0,1,0,Baa Bara Brith Biscuits,Gingerbread Wedding
605,7,2,Biscuits,Michael,M,20,0,9,0,0.0,0,0,0,0,"Malt, Chocolate and Orange Iced ""Beer"" Biscuits",Trip to See Santa in Lapland
606,7,2,Biscuits,Rav,M,28,0,6,0,0.0,0,0,0,0,Union Jack Bunting Biscuits,Gingerbread Christmas Fairground
607,7,2,Biscuits,Selasi,M,30,0,11,0,0.0,0,0,0,0,"""Wheelie Hot Iced Biscuits""",Stained Glass Window Gingerbread Church
608,7,2,Biscuits,Tom,M,26,1,7,0,0.0,0,0,0,0,Chai Frappelatteccino Biscuits,Tom and Pod's Near Death Experience
609,7,2,Biscuits,Val,F,66,0,5,0,0.0,1,0,0,0,Sunday Treat Iced Ice Cream Cone Biscuits,From Holland to New York via Yorkshire
610,7,3,Bread,Andrew,M,25,0,2,0,1.0,0,0,0,0,Chocolate Barmbrack Bread,Braided Harvest Bread Basket
611,7,3,Bread,Benjamina,F,23,0,6,0,0.0,0,0,0,0,"Chocolate, Tahini and Almond Babka",Braided Bread Heart
612,7,3,Bread,Candice,F,31,0,3,0,0.0,1,0,0,1,"Chocolate, Salted Caramel & Pecan Brittle Brioche Loaf",Italian Light and Dark Rye Twist
613,7,3,Bread,Jane,F,61,0,9,0,0.0,0,0,0,0,Chocolate and Cranberry Couronne,Chorizo and Chilli Flower with Parmesan and Pesto Centre
614,7,3,Bread,Kate,F,37,0,8,0,1.0,0,0,0,0,Cobbled Loaf,The Corn Maiden
617,7,3,Bread,Michael,M,20,0,7,0,0.0,1,0,1,0,Chocolate and Chilli Swirl Plait,Cypriot Dove and Olive Branch Plaited Loaf with Houmous
618,7,3,Bread,Rav,M,28,0,10,0,0.0,0,0,0,0,"Chocolate, Cardamom and Hazelnut Loaf",Three Tier Diwali Bread Centrepiece
619,7,3,Bread,Selasi,M,30,0,5,0,0.0,0,0,0,0,"Chocolate, Orange and Cinnamon Bread",Bedouin Escape Tear and Share Bread
620,7,3,Bread,Tom,M,26,0,4,0,1.0,0,1,0,0,Chocolate Orange and Chilli Swirl Bread,Jörmungandr and Mjölnir
621,7,3,Bread,Val,F,66,0,1,0,0.0,1,0,0,0,Double Chocolate Cinnamon Twist Loaf,"""And They All Went Into The Ark To Get Out Of The Rain"""
622,7,4,Batter,Andrew,M,25,0,4,0,1.0,0,0,0,0,Yorkshire 'Tapas' Puddings,Churros Window Box
623,7,4,Batter,Benjamina,F,23,0,1,0,1.0,0,1,0,0,"Red Onion Chutney, Brie and Bacon Yorkshire Puddings",Tropical Churros
624,7,4,Batter,Candice,F,31,0,2,0,0.0,0,0,0,1,Yorkshire Wellingtons,Two-Way Peanut Butter Churros
625,7,4,Batter,Jane,F,61,0,3,0,0.0,0,0,0,0,Meat and Two Veg Yorkshires,Pistachio and White Chocolate Churros
626,7,4,Batter,Kate,F,37,0,7,0,0.0,1,0,1,0,Christmas Dinner Compromise,Hot Cross Bunny Churros
630,7,4,Batter,Rav,M,28,0,9,0,0.0,1,0,0,0,Thai Tofu Panang Yorkshires,Three Dip Matcha Pistachio Churros
631,7,4,Batter,Selasi,M,30,1,8,0,0.0,0,0,0,0,Perfect Sunday Roast Accompaniment,Lemon and Anise Churros
632,7,4,Batter,Tom,M,26,0,5,0,0.0,1,0,0,0,West Yorkshire Fusion Puddings,Fennel Churros Snake In The Grass
633,7,4,Batter,Val,F,66,0,6,0,0.0,0,0,0,0,Mum's Chilli Yorkshire Puddings,Orange Chocolate Churros
634,7,5,Pastry,Andrew,M,25,0,6,0,0.0,0,0,0,0,Mum and Dad's Breakfast Pastries,Spicy Chorizo Squash Parcels and Baklava Bites
635,7,5,Pastry,Benjamina,F,23,0,5,0,0.0,0,0,0,0,'Good Morning America' Swirls and Peanut Butter and Banana Pinwheels,Plantain and Spinach Samosas and Chai Pear Cups
636,7,5,Pastry,Candice,F,31,0,2,0,1.0,0,1,0,1,"Danish Pastry Croque Monsieur Kites and Cinnamon Apple, Vanilla Crème Rose Danish","Sausage, Black Pudding and Apple Rounds and Banoffee Whiskey Cups"
637,7,5,Pastry,Jane,F,61,0,1,0,1.0,0,0,0,0,"Orange Pain au Raisins, Raspberry, Chocolate and Almond Danish","Roquefort, Fig and Walnut Parcels and Cherry and Chocolate Cones"
642,7,5,Pastry,Rav,M,28,0,8,0,0.0,0,0,0,0,"Cinnamon Swirls and Pecan, Walnut and Maple Plaits",Chinese Style Prawn Filo Tartlets and Spiced White Chocolate and Hazelnut Samosas
643,7,5,Pastry,Selasi,M,30,0,3,0,0.0,0,0,0,0,"Rhubarb, Mango and Ginger Plait, and Pineapple and Coconut Pinwheels","Parma Ham, Asparagus and Cheese Filo Cigars and Coffee Cream Filo Cups"
644,7,5,Pastry,Tom,M,26,0,4,0,0.0,1,0,0,0,Mega Breakfast Bonanzas; Granola Spirals and Wheat Foldovers,Yin and Yang Amuse-bouche
645,7,5,Pastry,Val,F,66,0,7,0,0.0,1,0,1,0,"Pecan and Maple Syrup Pinwheels and Apple, Sultana and Cinnamon Swirls","Caramelised Red Onion, Goats Cheese Tartlets and Mincemeat and Apple Spiced Parcels"
646,7,6,Botanical,Andrew,M,25,0,6,0,0.0,1,0,0,0,Tangy Lime and Ginger Meringue Pie,Spring Elderflower Trio
647,7,6,Botanical,Benjamina,F,23,0,2,0,0.0,0,0,0,0,Grapefruit and Ginger Meringue Pie,Floral Tea Cake
648,7,6,Botanical,Candice,F,31,0,5,0,1.0,0,0,0,1,"Lime, Coconut and Lemongrass Sugar Meringue Pie",Four Seasons Cake
649,7,6,Botanical,Jane,F,61,0,4,0,0.0,0,0,0,0,Lime and Coconut Meringue Pie,Three Tier Orange Cake with a Floral Chocolate Collar
654,7,6,Botanical,Rav,M,28,0,3,0,0.0,1,0,1,0,Mandarin Margarita Meringue Pie,Blossom Cake
655,7,6,Botanical,Selasi,M,30,0,7,0,1.0,0,0,0,0,"Grapefruit, Orange and Mint Meringue Pie",Three Tiered Ombré Floral Cake
656,7,6,Botanical,Tom,M,26,0,1,0,1.0,0,1,0,0,Blood Orange Halloween Pumpkin Pie,Floral Tea Cake
658,7,7,Dessert,Andrew,M,25,0,1,0,1.0,0,1,0,0,Tropical Holiday Roulade,Childhood Ice Cream Mousse Cakes
659,7,7,Dessert,Benjamina,F,23,0,3,0,1.0,0,0,0,0,Piña Colada Roulade,Apple Crumble Mousse Cake and Chocolate Coffee Mousse Cake
660,7,7,Dessert,Candice,F,31,0,2,0,0.0,0,0,0,1,Crowd Pleaser Roulade,Blackberry and Raspberry Bubbles and After Dinner Mousse
661,7,7,Dessert,Jane,F,61,0,4,0,0.0,0,0,0,0,Chocolate and Hazelnut Roulade,"Chocolate, Coffee, and Vanilla Joconde Cakes and Blackcurrant and Vanilla Ombré Mousses"
667,7,7,Dessert,Selasi,M,30,0,6,0,0.0,1,0,0,0,Summer Picnic Roulade,"Lemon, Raspberry and Passionfruit and Chocolate and Mint Mini Mousse Cakes"
668,7,7,Dessert,Tom,M,26,0,5,0,0.0,1,0,1,0,Millionaire's Roulade,Hipster Picnic
670,7,8,Tudor,Andrew,M,25,0,2,0,0.0,0,0,0,0,Da Vinci Inspired Geared Pies,Jousting Knights Marchpane
671,7,8,Tudor,Benjamina,F,23,0,4,0,0.0,1,0,1,0,Mexican Adventure,Tudor Garden
672,7,8,Tudor,Candice,F,31,0,1,0,1.0,0,1,0,1,Cheesy Cheeky Fish Pies,Peacock
673,7,8,Tudor,Jane,F,61,0,5,0,1.0,0,0,0,0,Tudor Rose Pies,Swans
679,7,8,Tudor,Selasi,M,30,0,3,0,0.0,1,0,0,0,Bouquet of Flowers,Fruity Tudor Marchpane
682,7,9,Pâtisserie,Andrew,M,25,0,2,0,1.0,0,1,0,0,Cheesy Elephant Ears and Herby Treble Clefs,Philharmonic Fondants
684,7,9,Pâtisserie,Candice,F,31,0,3,0,1.0,0,0,0,1,"Red Onion, Cambozola and Walnut Palmiers and Mushroom, Streaky Bacon, and Parmesan Palmiers",Chocolate Praline Fondant Fancies and Cherry Bakewell Fondant Fancies
685,7,9,Pâtisserie,Jane,F,61,0,1,0,0.0,1,0,0,0,"Pesto and Sundried Tomato Palmiers and Goats Cheese, Olive and Parma Ham Palmiers",Pistachio and Raspberry Fondant Fancies and Lemon Curd Surprise Fondant Fancies
691,7,9,Pâtisserie,Selasi,M,30,0,4,0,0.0,1,0,1,0,"Sundried Tomato, Onion, Peppers and Parmesan Palmiers and Salmon, Spinach and Mushroom Palmiers",Lime and Ginger Fondant Fancies and Pink Velvet and Raspberry Prosecco Fondant Fancies
694,7,10,Final,Andrew,M,25,0,1,0,0.0,0,0,1,0,Crunchy Caramel Cassis Crown,Family and Friends' Favourites Picnic
696,7,10,Final,Candice,F,31,1,2,0,0.0,0,1,0,1,Queen Victoria's Mango and Strawberry Crown,Picnic for Pearly Kings and Queens
697,7,10,Final,Jane,F,61,1,3,0,0.0,0,0,1,0,"Red, White and Blue Meringue Crown",Family Favourites Feast
706,8,1,Cake,Chris,M,50,0,12,0,0.0,1,0,0,0,Tropical Fresh Fruit Cake,'Raised Pork Pie and Egg Surprise' Cake
707,8,1,Cake,Flo,F,71,0,9,0,1.0,0,0,0,0,Citrus Layer Cake,'One in a Melon' Cake
708,8,1,Cake,James,M,46,0,2,0,0.0,0,0,0,0,"Orange, Rhubarb & Ginger Crumble Cake",'Mock-accino and Croissant' Cake
709,8,1,Cake,Julia,F,21,0,3,0,0.0,0,0,0,0,Courgette and Lemon Cake,'Russian Doll' Cake
710,8,1,Cake,Kate,F,29,0,1,0,0.0,0,0,0,0,Moroccan Strawberry and Rose Cake,'Chocolate Terrarium' Cake
711,8,1,Cake,Liam,M,19,0,8,0,0.0,0,0,0,0,Apple and Almond Crumble Maple Loaf,'Stackin' Sunday' Cake
712,8,1,Cake,Peter,M,52,0,10,0,0.0,1,0,1,0,Coconut Cake,'Bread on a Breadboard' Cake
713,8,1,Cake,Sophie,F,33,1,5,0,1.0,0,0,0,1,Pineapple and Coconut Sandwich Cake,'Champagne Bottle and Bucket' Cake
714,8,1,Cake,Stacey,F,42,0,11,0,0.0,1,0,0,0,Granny Smith Apple and Walnut Cake,'Black Evening Clutch Bag' Cake
715,8,1,Cake,Steven,M,34,1,6,0,1.0,0,1,0,0,Bonfire Night Cake,'A Baker's Lunch' Cake
716,8,1,Cake,Tom,M,29,0,7,0,0.0,0,0,0,0,Gilded Pear and Cardamom Cake,'Stack of Books' Cake
717,8,1,Cake,Yan,F,46,0,4,0,0.0,0,0,0,0,Windfall Apple Crumble Cake,'Banana-ramen' Cake
718,8,2,Biscuits,Chris,M,50,0,11,0,0.0,1,0,1,0,Chocolate Chia Seed Biscuits with Whisky Caramel Filling,'The Great British Sail Off' Game
719,8,2,Biscuits,Flo,F,71,0,10,0,0.0,1,0,0,0,Gin Jam Butties,'Pick My Bones' Game
720,8,2,Biscuits,James,M,46,0,3,0,0.0,0,0,0,0,Rhubarb and Custard Whirls,'Coppit' Game
721,8,2,Biscuits,Julia,F,21,0,4,0,0.0,0,0,0,0,Middle Eastern Delight Sandwich Biscuits,'A British Baking' Game
722,8,2,Biscuits,Kate,F,29,0,8,0,0.0,1,0,0,0,Coconut Seashells for a Titanic Afternoon Tea,'Jungle' Game
723,8,2,Biscuits,Liam,M,19,0,7,0,0.0,0,0,0,0,Coffee Malted Pecan Shorties,'Classroom Classics' Game
725,8,2,Biscuits,Sophie,F,33,0,2,0,1.0,0,0,0,1,Lemon Limoncino Sandwich Biscuits,'Snakes and Ladders' Game
726,8,2,Biscuits,Stacey,F,42,0,9,0,0.0,1,0,0,0,Sparkly Chocolate and Marshmallow Fluff Cookies,'Get to School' Game
727,8,2,Biscuits,Steven,M,34,0,6,0,1.0,0,1,0,0,Amarpressi Biscuits,'Check Bake' Game
728,8,2,Biscuits,Tom,M,29,0,5,0,1.0,0,0,0,0,Coffee and Amaretto Kisses,'Drain Pipes and Ladders' Game
729,8,2,Biscuits,Yan,F,46,0,1,0,0.0,0,0,0,0,'Mrs. Marian's PB 'n' B' Biscuits,'Adventures in Bakeland' Game
731,8,3,Bread,Flo,F,71,0,7,0,0.0,1,0,1,0,Cinnamon and Orange Teacakes,'Davy Jones' Locker' Bread Sculpture
732,8,3,Bread,James,M,46,0,9,0,0.0,0,0,0,0,Nordic Teacakes,'Owl in the Woods' Bread Sculpture
733,8,3,Bread,Julia,F,21,0,2,0,1.0,0,1,0,0,Earl Grey Dried Fruit Teacakes,'The Snail Under a Mushroom' Bread Sculpture
734,8,3,Bread,Kate,F,29,0,10,0,0.0,0,0,0,0,Blueberry Buns,'Kraken' Bread Sculpture
735,8,3,Bread,Liam,M,19,0,5,0,0.0,1,0,0,0,Jamaican Spiced Teacakes,'Kneadapolitan' Bread Sculpture
737,8,3,Bread,Sophie,F,33,0,6,0,0.0,0,0,0,1,Tagine Teacakes,'Picnic Basket' Bread Sculpture
738,8,3,Bread,Stacey,F,42,0,1,0,0.0,0,0,0,0,Cranberry and Cinnamon Teacakes,'Ascot Hat' Bread Sculpture
739,8,3,Bread,Steven,M,34,0,3,0,1.0,0,0,0,0,Madras Cocktail Teacakes,'The Bag I Knead' Bread Sculpture
740,8,3,Bread,Tom,M,29,0,4,0,0.0,0,0,0,0,Orange and Cranberry Teacakes,'Pink & Yellow Rose Centrepiece' Bread Sculpture
741,8,3,Bread,Yan,F,46,0,8,0,0.0,0,0,0,0,'Mrs P's' Masala Chai Spiced Teacakes,'Basil the Vegetarian Dragon with his Pumpkin Hoard' Bread Sculpture
744,8,4,Caramel,James,M,46,0,2,0,0.0,1,0,0,0,'Windy City' Millionaire Shortbreads,Nutty Caramel Cake
745,8,4,Caramel,Julia,F,21,0,9,0,0.0,0,0,0,0,Pecan Salted Caramel Millionaire Shortbreads,Poppy Seed Caramel Cake
746,8,4,Caramel,Kate,F,29,0,6,0,1.0,0,1,0,0,Salted Bay Caramel Millionaire Shortbreads,Sticky Toffee Apple Caramel Cake
747,8,4,Caramel,Liam,M,19,1,3,0,1.0,0,0,0,0,Salted Peanut Butter Millionaire Shortbreads,White Layered Ginger Caramel Cake
749,8,4,Caramel,Sophie,F,33,0,4,0,0.0,0,0,0,1,Jaffa Millionaire Shortbreads,Bird's Nest Caramel Cake
750,8,4,Caramel,Stacey,F,42,0,1,0,0.0,0,0,0,0,Rum Salted Caramel Millionaire Shortbreads,Chocolate and Coffee Caramel Cake
751,8,4,Caramel,Steven,M,34,0,7,0,0.0,0,0,0,0,Orange Macadamia Nut Millionaire Shortbreads,Caramel Crown Cake
752,8,4,Caramel,Tom,M,29,0,5,0,0.0,1,0,1,0,Stem Ginger Caramel Shortbreads,Hummingbird Cake
753,8,4,Caramel,Yan,F,46,0,8,0,0.0,0,0,0,0,'Lil' Red's Ginger and Nuts' Millionaire Shortbreads,Animals of the Rainforest Caramel Cake
756,8,5,Pudding,James,M,46,0,7,0,0.0,1,0,1,0,Orange and Ginger Steamed School Pudding,'The Missed Silver Jubilee' Trifle Terrine
757,8,5,Pudding,Julia,F,21,0,3,0,0.0,1,0,0,0,Orange & Treacle Steamed School Pudding,'Opulent Ornament' Trifle Terrine
758,8,5,Pudding,Kate,F,29,0,8,0,0.0,0,0,0,0,'Mr Darcy's Steamy Lake Scene' Steamed School Pudding,'My Great Great Nan's' Raspberry Trifle Terrine
759,8,5,Pudding,Liam,M,19,1,2,0,0.0,1,0,0,0,Cherries & Lemons that are 'Baked Well','Cheers Lads' Trifle Terrine
761,8,5,Pudding,Sophie,F,33,0,1,0,1.0,0,1,0,1,"Ginger, Fig and Honey Steamed School Pudding","Raspberry, Yuzu & White Chocolate Bûche Trifle Terrine"
762,8,5,Pudding,Stacey,F,42,0,4,0,1.0,0,0,0,0,Bakewell Tart Steamed School Pudding,Tropical Trifle Terrine
763,8,5,Pudding,Steven,M,34,1,5,0,0.0,0,0,0,0,Lemon & Blackcurrant Drizzle Steamed School Pudding,'From Across the Jelly Pond' Trifle Terrine
765,8,5,Pudding,Yan,F,46,1,6,0,0.0,0,0,0,0,Mango Fruit Hat Steamed School Pudding,'Heart of a Hero' Trifle Terrine
769,8,6,Pastry,Julia,F,21,0,7,0,0.0,1,0,1,0,'Pies from the Tree' Decorative Pies,'Special Occasion' Pie
770,8,6,Pastry,Kate,F,29,0,5,0,0.0,0,0,0,0,'Vegetarian Pie Faces' Decorative Pies,Potato Curry Pie with Mango & Chilli Glaze
771,8,6,Pastry,Liam,M,19,0,4,0,1.0,0,1,0,0,'Standard FC' Decorative Pies,'Nan's Sunday Dinner' Pie
773,8,6,Pastry,Sophie,F,33,0,2,0,1.0,0,0,0,1,'The Four Seasons' Decorative Pies,Game Pie with Glazed Forest Fruits
774,8,6,Pastry,Stacey,F,42,0,6,0,0.0,1,0,0,0,'Love Theme' Decorative Pies,Indian Hand Raised Pie with Mango
775,8,6,Pastry,Steven,M,34,0,3,0,0.0,0,0,0,0,'Fleetwood Mac' Decorative Pies,Christmas Pie
777,8,6,Pastry,Yan,F,46,0,1,0,1.0,0,0,0,0,'πr2' Decorative Pies,Chequerboard Pie
782,8,7,Italian,Kate,F,29,0,6,0,0.0,1,0,0,0,'Happy Hour' Cocktail Cannoli,'Flavour Fusion' Sfogliatelle
783,8,7,Italian,Liam,M,19,0,2,0,1.0,0,0,0,0,'Just Doing Me' Cannoli,'Morning Delivery' Sfogliatelle
785,8,7,Italian,Sophie,F,33,0,3,0,1.0,0,0,0,1,'Classics with a Twist' Cannoli,'Classics' Sfogliatelle
786,8,7,Italian,Stacey,F,42,0,4,0,0.0,1,0,0,0,My All Time Favourite Desserts,Pastry Surprise
787,8,7,Italian,Steven,M,34,0,1,0,1.0,0,1,0,0,Italian Style Cannoli,'Sicilian-style' Sfogliatelle
789,8,7,Italian,Yan,F,46,0,5,0,0.0,1,0,1,0,Cannoli Cocktails,Canadian-Style Sfogliatelle
794,8,8,Forgotten,Kate,F,29,0,2,0,0.0,1,0,0,0,Burrito Bedfordshire Clangers,'Liver Building Turret' Savoy Cake
795,8,8,Forgotten,Liam,M,19,0,5,0,0.0,1,0,1,0,'Take Out' Bedfordshire Clangers,'Fort Wizardore' Savoy Cake
797,8,8,Forgotten,Sophie,F,33,0,4,0,0.0,0,0,0,1,Char Siu & Banana Praline Bedfordshire Clangers,Citrus with Green Apple Croquembouche Savoy Cake
798,8,8,Forgotten,Stacey,F,42,1,3,0,1.0,0,1,0,0,Camembert & Onion and Apple & Blueberry Bedfordshire Clangers,'Bright' Lemon & Orange Savoy Cake
799,8,8,Forgotten,Steven,M,34,0,1,0,1.0,0,0,0,0,'Mediterranean Medley' Bedfordshire Clangers,Chestnut Rum Savoy Cake
806,8,9,Pâtisserie,Kate,F,29,0,4,0,1.0,0,0,0,0,Bellini and Valencian Orange Choux Buns,'Rainbow' Meringue Centrepiece
809,8,9,Pâtisserie,Sophie,F,33,0,1,0,1.0,0,1,0,1,Strawberry & Rhubarb and Chestnut & Vanilla Choux Buns,'Tutu with Opera Filling' Meringue Centrepiece
810,8,9,Pâtisserie,Stacey,F,42,0,2,0,0.0,1,0,1,0,'Choux-nicorn and Choux-moji' Choux Buns,'Flamingos in Love' Meringue Centrepiece
811,8,9,Pâtisserie,Steven,M,34,0,3,0,0.0,1,0,0,0,Key Lime Cheesecake and Bakewell Tart Choux Buns,'Some Air Over the Rainbow' Meringue Centrepiece
818,8,10,Final,Kate,F,29,0,3,0,0.0,0,0,1,0,"Roman Spelt, Coconut Kala Chana and Flower Breads","White Chocolate, Yuzu and Lychee Entremet"
821,8,10,Final,Sophie,F,33,0,2,0,0.0,0,1,0,1,"Spelt Boules, Mushroom Ciabatta & Orange Plaited Brioche",'Ode to the Honey Bee' Entremet
823,8,10,Final,Steven,M,34,0,1,0,0.0,0,0,1,0,"Spelt & Rye, Toasted Garlic & Fontina and Sweet Chocolate Breads",'Yin Yang' Entremet
826,9,1,Biscuits,Antony,M,30,0,12,0,0.0,0,0,0,0,Turmeric and Caraway Goosnargh Cakes,"""Kilimanjaro Selfie"""
827,9,1,Biscuits,Briony,F,33,0,2,0,1.0,0,0,0,0,Apple Cider Empire Biscuits,"""Bristol Biscuit Selfie"""
828,9,1,Biscuits,Dan,M,36,0,4,0,0.0,0,0,0,0,Lemon and Strawberry Shrewsburys,"""New Dad in Palm Springs"""
829,9,1,Biscuits,Imelda,F,33,0,11,0,0.0,1,0,1,0,Cherry and White Chocolate Oatmeal Biscuits,"""Seaside Selfie"""
830,9,1,Biscuits,Jon,M,47,0,5,0,0.0,0,0,0,0,Aberffraw 'Creams',"""A Sailing Selfie by the Sea"""
831,9,1,Biscuits,Karen,F,60,0,6,0,0.0,0,0,0,0,Yorkshire Perkins,"Rosewater and Cardamom ""Holiday Selfie"""
832,9,1,Biscuits,Kim-Joy,F,27,0,10,0,0.0,0,0,0,0,Orange Blossom York Biscuits,"""Me at Miyajima Shrine"""
833,9,1,Biscuits,Luke,M,30,0,8,0,0.0,0,0,0,0,Yorkshire Gingernuts,"""What Happens In Vegas...!"""
834,9,1,Biscuits,Manon,F,26,0,3,0,1.0,0,1,0,0,Hazelnut Cornish Shortbread,Matcha and White Chocolate Ganache Japanese Selfie
835,9,1,Biscuits,Rahul,M,30,0,7,0,0.0,0,0,0,1,Fennel and Coconut Pitcaithly Bannock,"""First Spring in the UK"""
836,9,1,Biscuits,Ruby,F,29,0,1,0,0.0,1,0,0,0,Masala Chai Devon Flats,"""Gingerbread Marathon Selfie"""
837,9,1,Biscuits,Terry,M,46,0,9,0,0.0,1,0,0,0,Lake District Ginger Shortbread,"""Brandy Snap Selfie"""
838,9,2,Cake,Antony,M,30,0,9,0,0.0,0,0,0,0,Cardamom and Coconut Burfi Traybake,"Pistachio, Saffron and Rose Cake"
839,9,2,Cake,Briony,F,33,0,5,0,0.0,1,0,0,0,Turron and Orange Traybake,Chocolate Fudge and Salted Caramel Creation
840,9,2,Cake,Dan,M,36,1,3,0,1.0,0,0,0,0,Black Forest Slice,Dark Chocolate and Raspberry Birthday Cake
842,9,2,Cake,Jon,M,47,0,1,0,1.0,0,0,0,0,Lemon Meringue Traybake,Hawaiian Shirt Pina Colada Cake
843,9,2,Cake,Karen,F,60,0,11,0,0.0,0,0,0,0,Almond and Marzipan Traybake with Rhubarb Jam,Strawberry Fayre Chocolate Cake
844,9,2,Cake,Kim-Joy,F,27,0,4,0,0.0,0,0,0,0,Pandan Chiffon Cake with Palm Sugar Cream,Yuzu and Raspberry Genoise Cat Cake
845,9,2,Cake,Luke,M,30,0,7,0,0.0,1,0,1,0,Lemon and Poppy Seed Traybake,Raspberry and White Chocolate Collar Cake
846,9,2,Cake,Manon,F,26,0,6,0,0.0,0,0,0,0,Rosemary and Honey Traybake,Almond Princess Cake
847,9,2,Cake,Rahul,M,30,0,2,1,1.0,0,1,0,1,Lemon and Cardamom Traybake,Chocolate Orange Layer Cake
848,9,2,Cake,Ruby,F,29,0,10,1,0.0,0,0,0,0,Boozy Black Forest Traybake,"Chocolate Orange ""Jackson Pollock"" Collar Cake"
849,9,2,Cake,Terry,M,46,0,8,0,0.0,1,0,0,0,Rum and Raisin Traybake,Champagne and Strawberries Eiffel Tower Collar Cake
850,9,3,Bread,Antony,M,30,0,8,0,0.0,1,0,1,0,Decadent Breakfast Chelsea Buns,Chocolate and Orange Adventure Korovai
851,9,3,Bread,Briony,F,33,0,9,0,0.0,1,0,0,0,Balsamic Strawberry Chelsea Buns,Happily Ever After Korovai
852,9,3,Bread,Dan,M,36,1,6,0,1.0,0,0,0,0,Sticky Spiced Orange Chelsea Buns,Wedding Korovai
854,9,3,Bread,Jon,M,47,0,2,0,0.0,0,0,0,0,Cardiff City vs Chelsea Buns,Korovai Dydd Dewi Sant
855,9,3,Bread,Karen,F,60,0,5,0,0.0,0,0,0,0,Peak District Christmas Chelsea Buns,French Breakfast Wedding Korovai
856,9,3,Bread,Kim-Joy,F,27,0,10,0,0.0,0,0,0,0,Pistachio and Cardamom Tangzhong Chelsea Buns,"Orange, Cinnamon and Cranberry 'Kit-ovai'"
858,9,3,Bread,Manon,F,26,0,3,0,0.0,0,0,0,0,"Apricot, Cranberry and Marzipan Chai Chelsea Buns",Fabergé Inspired Traditional Korovai
859,9,3,Bread,Rahul,M,30,0,4,0,1.0,0,1,0,1,Mango and Cranberry Chelsea Buns,Garden Wedding Korovai
860,9,3,Bread,Ruby,F,29,0,7,0,0.0,0,0,0,0,"Gujarela Chelsea Buns with Dates, Almonds and Raisins",Mama and Papa's Belated Wedding Korovai
861,9,3,Bread,Terry,M,46,0,1,0,0.0,0,0,0,0,Tangy Citrus Sticky Chelsea Buns,Garden Korovai
863,9,4,Dessert,Briony,F,33,0,5,0,0.0,1,0,0,0,Treacle Tart Roulade,Blood Orange & Amaretto Sticky Toffee Sphere
864,9,4,Dessert,Dan,M,36,1,1,0,1.0,0,1,0,0,Florida Roulade,Dan and the Giant Peach
866,9,4,Dessert,Jon,M,47,1,3,0,1.0,0,0,0,0,Mango and Passion Fruit Roulade,Lucy and Hannah's Ballet Cake
867,9,4,Dessert,Karen,F,60,0,7,0,0.0,1,0,0,0,Coffee Cream and Praline Roulade,Chateau Du Chambord Framboise
868,9,4,Dessert,Kim-Joy,F,27,0,6,0,0.0,0,0,0,0,'Sweet Dreams' Roulade,Melting Chocolate Galaxy
870,9,4,Dessert,Manon,F,26,0,8,0,0.0,0,0,0,0,Amarene and Kirsch Cherry Roulade,White Chocolate Renaissance Surprise
871,9,4,Dessert,Rahul,M,30,0,4,0,1.0,0,0,0,1,Rhubarb and Custard Roulade,Opera Cake with Kalash Inspired Dome
872,9,4,Dessert,Ruby,F,29,0,2,0,0.0,0,0,0,0,Pina Colada Roulade,Chocolate Egg
875,9,5,Spice,Briony,F,33,0,6,0,0.0,1,0,0,0,Honey and Apricot Ginger Cake,Turmeric Latte Chandelier
876,9,5,Spice,Dan,M,36,0,2,0,0.0,0,0,0,0,Ginger and Lemon Drip Cake,Birthday Kaleidoscope for Constance
878,9,5,Spice,Jon,M,47,0,7,0,0.0,1,0,0,0,Family Christmas Ginger Cake,Birthday Chandelier for Emily's 21st
879,9,5,Spice,Karen,F,60,0,9,0,0.0,1,0,1,0,Bonfire Night Ginger Cake,Pontefract Girls' School Reunion
880,9,5,Spice,Kim-Joy,F,27,1,4,0,1.0,0,1,0,0,Stem Ginger Cake with Poached Pears,Christmas Spiced Ice Chandelier
882,9,5,Spice,Manon,F,26,1,5,0,0.0,0,0,0,0,Italian Meringue Ginger Cake,Art Deco Spiced Biscuit Chandelier
883,9,5,Spice,Rahul,M,30,1,3,0,1.0,0,0,0,1,Bonfire Night Caramel Ginger Cake,Durga Puja Cardamom Chandelier
884,9,5,Spice,Ruby,F,29,0,1,0,0.0,0,0,0,0,Jamaican Me Crazy Ginger Cake,Peacock Chandelier
885,9,5,Spice,Terry,M,46,0,8,0,0.0,1,0,1,0,Caramelised Pear and Stem Ginger Cake,12 Days of Christmas Chandelier
887,9,6,Pastry,Briony,F,33,0,1,0,1.0,0,1,0,0,Home Comforts,"""Down the Rabbit Hole"" Banquet Pie"
888,9,6,Pastry,Dan,M,36,0,6,0,0.0,1,0,1,0,Festive Samosas,Salmon Coulibiac
890,9,6,Pastry,Jon,M,47,0,2,0,0.0,0,0,0,0,"A Romantic Dinner For Two, Samosa Style",Welsh Dragon Pie
892,9,6,Pastry,Kim-Joy,F,27,0,5,0,0.0,0,0,0,0,Flavours of India,Silke the Vegetarian Mermaid
894,9,6,Pastry,Manon,F,26,0,4,0,0.0,1,0,0,0,Samosas for Mum,"""What Has Poppy Eaten?"""
895,9,6,Pastry,Rahul,M,30,1,3,0,1.0,0,0,0,1,Paneer Singara and Misti Singara,Butterfly Pie
896,9,6,Pastry,Ruby,F,29,1,7,0,1.0,0,0,0,0,Traditional Samosas,Kohinoor Crown
899,9,7,Vegan,Briony,F,33,0,5,0,0.0,0,0,0,0,French Onion Tartlets and Celeriac & Apple Tartlets,Hazelnut Mocha Cake
902,9,7,Vegan,Jon,M,47,0,4,0,0.0,1,0,1,0,Garlic Mushroom Tartlets and Falafel & Hummus Tartlets,Only Fools Eat Horses Cake
904,9,7,Vegan,Kim-Joy,F,27,1,6,0,1.0,0,1,0,0,Broccoli & Tomato Quiches and Mascarpone Squirrel Tartlets,Lavender & Lemon Fox Cake
906,9,7,Vegan,Manon,F,26,0,2,0,0.0,0,0,0,0,Summer & Winter Tartlets,Spiced Apple Cake
907,9,7,Vegan,Rahul,M,30,0,1,0,1.0,0,0,0,1,Coriander Posto & Veg Tartlets and Ghugni Chaat Tartlets,Chocolate & Coconut Layer Cake with Raspberry Jam
908,9,7,Vegan,Ruby,F,29,0,3,0,0.0,1,0,0,0,Sage & Butternut Tartlets and 'Cheesy Greens' Tartlets,"Chocolate, Lemon & Coconut Cake"
911,9,8,Danish,Briony,F,33,0,1,0,1.0,0,0,0,0,Spanish & West Country Smørrebrød,Nana Pat Kagekone
916,9,8,Danish,Kim-Joy,F,27,0,2,0,0.0,1,0,0,0,Bumblebee Eggs & Fish Smørrebrød,Off to the Opera Kagekone
918,9,8,Danish,Manon,F,26,0,4,0,0.0,1,0,1,0,Cheese and Fruit Smørrebrød,Birthday Girl Kagekone
919,9,8,Danish,Rahul,M,30,0,5,0,0.0,1,0,0,1,Smoked Salmon & Roasted Vegetable Smørrebrød,Indian King Kagemand
920,9,8,Danish,Ruby,F,29,0,3,0,1.0,0,1,0,0,Post-Gym Smørrebrød,Sister Kagekone
923,9,9,Pâtisserie,Briony,F,33,0,3,0,0.0,1,0,1,0,"Mojito Madeleines
Espresso Martini Madeleines",British Tea to French Pâtisserie Window
928,9,9,Pâtisserie,Kim-Joy,F,27,0,2,0,1.0,0,0,0,0,"Ginger and Lemon Madeleines
Orange Bunny Madeleines",Flavourite Flavours Window Display
931,9,9,Pâtisserie,Rahul,M,30,0,4,0,0.0,1,0,0,1,"Lemon and Raspberry Madeleines
Orange Curd Madeleines",Classic Tribute to Pâtisserie Window
932,9,9,Pâtisserie,Ruby,F,29,0,1,0,1.0,0,1,0,0,Pick Your Own Madeleines,Parisian Un Bouquet de Fleurs Window Display
940,9,10,Final,Kim-Joy,F,27,0,1,0,0.0,0,0,1,0,Amaretto Diplomat Filled Doughnuts & Lemon Ring Doughnuts,Lost City of Atlantis Dessert Landscape
943,9,10,Final,Rahul,M,30,0,2,0,0.0,0,1,0,1,Mango Créme Pâtissière Filled Doughnuts & Spiced Orange Ring Doughnuts,Edible Rock Garden
944,9,10,Final,Ruby,F,29,0,3,0,0.0,0,0,1,0,Dulce De Leche Filled Doughnuts & Raspberry and Cardamom Ring Doughnuts,Magical Edible Landscape
946,10,1,Cake,Alice,F,29,0,5,0,0.0,0,0,0,0,Gingerbread Fruit Cake Wreath,Like a Child in a Sweetshop Cake
947,10,1,Cake,Amelia,F,24,0,4,0,0.0,0,0,0,0,Christmas Cake,Carousel Birthday Cake
948,10,1,Cake,Dan,M,32,0,10,0,0.0,1,0,1,0,Jamaican Rum Cake,Pirate Island Cake
949,10,1,Cake,David,M,36,0,9,0,0.0,0,0,0,1,Squishy Squashy Fruit Cake,Snakey Birthday Cakey
950,10,1,Cake,Helena,F,40,0,12,0,0.0,0,0,0,0,Fruit Bat Cake,Away with the Fairies Cake
951,10,1,Cake,Henry,M,20,0,1,0,0.0,0,0,0,0,Wood Street Cake,Secret Woodland Cake
952,10,1,Cake,Jamie,M,20,0,13,0,0.0,1,0,0,0,Easter Simnel Cake,Salted Caramel Schnauzer Birthday Cake
953,10,1,Cake,Michael,M,26,0,11,0,0.0,0,0,0,0,Cup of Chai Cake,Treasure Chest Cake
954,10,1,Cake,Michelle,F,35,0,6,0,1.0,0,1,0,0,Bara Brith Teulu Ni (Our Family's Bara Brith),Tŷ Tylwyth Teg (Fairy House Cake)
955,10,1,Cake,Phil,M,56,0,8,0,0.0,0,0,0,0,Spiced Fruit Cake with Rum Glaze,Retro Rocket Cake
956,10,1,Cake,Priya,F,34,0,7,0,0.0,0,0,0,0,Sunshine Fruit Cake,Once Upon a Time Cake
957,10,1,Cake,Rosie,F,28,0,2,0,0.0,0,0,0,0,Spicy Chai Loaf,Magical Jungle Cake
958,10,1,Cake,Steph,F,28,0,3,0,1.0,0,0,0,0,Great Grandma's Fruit Cake,A Sundae on the Beach Cake
959,10,2,Biscuits,Alice,F,29,0,1,0,1.0,0,1,0,0,Honeycomb Peanut Mallow Bars,Chocolate and Coconut New Zealand Lamb
960,10,2,Biscuits,Amelia,F,24,0,9,0,0.0,1,0,0,0,"Pistachio, Almond & Raisin Nougat Biscuit Bars",Swimming with Dolphins
962,10,2,Biscuits,David,M,36,0,2,0,1.0,0,0,0,1,Coco-nutty Chocolate Bars,Wedding Spray
963,10,2,Biscuits,Helena,F,40,0,12,0,0.0,0,0,0,0,Wicked Witch Fingers,Caught in a Spider's Web
964,10,2,Biscuits,Henry,M,20,0,6,0,0.0,0,0,0,0,"Coffee, Cardamom & Hazelnut Bars",Chapel Organ
965,10,2,Biscuits,Jamie,M,20,0,11,0,0.0,1,0,1,0,Cherry Caramel Shortbread Biscuit Bars,Biscuit Guitar
966,10,2,Biscuits,Michael,M,26,0,4,0,0.0,0,0,0,0,Lemon & Rosemary Biscuit Bars,Hamish the Highland Cow
967,10,2,Biscuits,Michelle,F,35,0,8,0,0.0,0,0,0,0,Bakewell Bars,Dewi y Ddraig Cymraeg - Dewi the Welsh Dragon
968,10,2,Biscuits,Phil,M,56,0,3,0,0.0,0,0,0,0,"Orange, Cranberry & White Chocolate Fudge Bars",Tina the Tortoise
969,10,2,Biscuits,Priya,F,34,0,7,0,0.0,0,0,0,0,Ruby Barfi Biscuit Bars,The Beast of Rocky Mountain
970,10,2,Biscuits,Rosie,F,28,0,5,0,1.0,0,0,0,0,Virgin Mojito Biscuit Bars,My Favourite Chicken – A Celebration of Legs
971,10,2,Biscuits,Steph,F,28,0,10,0,0.0,0,0,0,0,"Chocolate, Caramel Macchiato Biscuit Bars",Ginger the Cat
972,10,3,Bread,Alice,F,29,0,7,0,0.0,1,0,0,0,Baklava Tear & Share,Global Bread
973,10,3,Bread,Amelia,F,24,0,11,0,0.0,1,0,1,0,Chorizo Brunch Tear & Share,Caterpillar Transformation
975,10,3,Bread,David,M,36,0,2,0,0.0,0,0,0,1,Cinnamon Swirl Tear & Share,Trio of African Masks
976,10,3,Bread,Helena,F,40,0,8,0,0.0,0,0,0,0,Frosted Cinnamon and Pecan Tear & Share,Every Bread is Halloween
977,10,3,Bread,Henry,M,20,0,1,0,0.0,1,0,0,0,Chicken and Pesto Tear & Share,Herb Garden
979,10,3,Bread,Michael,M,26,1,6,0,1.0,0,1,0,0,Keralan Star Bread Tear & Share,Mediterranean Camp Fire
980,10,3,Bread,Michelle,F,35,0,5,0,0.0,0,0,0,0,Noson Gaws (Cheese Night) Tear & Share,Gardd Ni (Our Garden)
981,10,3,Bread,Phil,M,56,0,10,0,0.0,0,0,0,0,Pancetta and Cheese Focaccia Tear & Share,Winner's Wreath
982,10,3,Bread,Priya,F,34,0,4,0,0.0,0,0,0,0,Smokey Jalapeño Tear & Share,Bird Boules
983,10,3,Bread,Rosie,F,28,0,9,0,0.0,0,0,0,0,Chilli and Manchego Tear & Share,Bread Safari
984,10,3,Bread,Steph,F,28,0,3,0,1.0,0,0,0,0,Sun-Dried Tomato and Pesto Star Tear & Share,Hand-Tied Bouquet of Flowers
985,10,4,Dairy,Alice,F,29,0,8,0,0.0,0,0,0,0,Leafy Yoghurt Cake,Afternoon Tea
988,10,4,Dairy,David,M,36,0,2,0,1.0,0,0,0,1,A Kick of Limoncello Cake,Flavours of India Mishti
989,10,4,Dairy,Helena,F,40,0,9,0,0.0,0,0,0,0,Ghost Cake,Ye Olde English Sweet Shoppe Mishti
990,10,4,Dairy,Henry,M,20,0,3,0,0.0,0,0,0,0,Ode to a German Breakfast Cake,Seaside Mishti
992,10,4,Dairy,Michael,M,26,0,7,0,0.0,1,0,0,0,Cheesecake Surprise,Flag of India Mishti
993,10,4,Dairy,Michelle,F,35,0,5,0,0.0,0,0,0,0,Homely Rhubarb Cake,Home Comforts Mishti
994,10,4,Dairy,Phil,M,56,0,6,0,0.0,1,0,1,0,Trucking Lovely Rose Cake,A Corner of My Garden Mishti
995,10,4,Dairy,Priya,F,34,0,10,0,0.0,1,0,0,0,Choc-chip Banana Cake,Flavours of My Childhood Mishti
996,10,4,Dairy,Rosie,F,28,0,4,0,0.0,0,0,0,0,A Good Dose of Limoncello Cake,Cocktails & Canapés Mishti
997,10,4,Dairy,Steph,F,28,0,1,0,1.0,0,1,0,0,Answer to Everything Cake,Pink and Pretty Mishti
998,10,5,Roaring Twenties,Alice,F,29,0,6,0,0.0,0,0,0,0,Chocolate & Orange Custard Pies,Piña Colada Cake
1001,10,5,Roaring Twenties,David,M,36,1,9,0,1.0,0,0,0,1,Fancy Custards,Amaretto Sour Cake
1002,10,5,Roaring Twenties,Helena,F,40,0,1,0,0.0,1,0,1,0,Lemon and Lavender Pies,Vampire's Kiss Raspberry Vodka Cake
1003,10,5,Roaring Twenties,Henry,M,20,0,3,0,1.0,0,0,0,0,1920s Pies,White Russian Cake
1005,10,5,Roaring Twenties,Michael,M,26,0,8,0,0.0,0,0,0,0,"Mango, Lime & Ginger Pies",Brambling Cake
1006,10,5,Roaring Twenties,Michelle,F,35,0,7,0,0.0,1,0,1,0,Blueberry & White Chocolate Crème Brûlée Pies,My Little Sister the Dancing Queen's Piña Colada Cake
1008,10,5,Roaring Twenties,Priya,F,34,0,2,0,0.0,1,0,0,0,Lemon & Raspberry Ripple Pies,Meena Colada Cake
1009,10,5,Roaring Twenties,Rosie,F,28,0,5,0,0.0,1,0,0,0,Little Blackberry Pies,White Russian Cake
1010,10,5,Roaring Twenties,Steph,F,28,0,4,0,1.0,0,1,0,0,Zesty Citrus Custard Pies,Sour Lime Piña Colada Cake
1011,10,6,Dessert,Alice,F,29,0,1,0,1.0,0,0,0,0,Black Forest Meringue,Tiramisu Bombe
1014,10,6,Dessert,David,M,36,0,2,0,0.0,0,0,0,1,Spiced Meringue Surprise,Delightful Bombe
1016,10,6,Dessert,Henry,M,20,0,4,0,0.0,1,0,0,0,Towering Meringue Cake,Bonfire Bombe
1018,10,6,Dessert,Michael,M,26,0,6,0,0.0,1,0,0,0,Dark Chocolate Meringue Cake,Black Forest Bombe
1021,10,6,Dessert,Priya,F,34,0,7,0,0.0,1,0,1,0,Family Favourite,Summer Fruit Bombe
1022,10,6,Dessert,Rosie,F,28,0,5,0,0.0,1,0,0,0,Layers of Lime and Raspberry,Ruby Bombe
1023,10,6,Dessert,Steph,F,28,0,3,0,1.0,0,1,0,0,Eton Mess,Mirror Bombe
1024,10,7,Festivals,Alice,F,29,0,6,0,0.0,0,0,0,0,"Lemon, Blueberry & Almond Hot Cross Buns","Chocolate, Orange and Salted Caramel Kaleidoscope Sarawak Style Layered Cake"
1027,10,7,Festivals,David,M,36,0,2,0,1.0,0,0,0,1,Kozunak Plaits,Sarawak Style Layer Cake Sculpture
1029,10,7,Festivals,Henry,M,20,0,3,1,1.0,0,1,0,0,Chocolate Kardemummabullar,Elegant Present Box
1031,10,7,Festivals,Michael,M,26,0,5,0,0.0,1,0,1,0,Figgy Pudding Hot Cross Buns,Jamaican Mule Sarawak Style Layer Cake
1035,10,7,Festivals,Rosie,F,28,0,1,0,0.0,1,0,0,0,Mardi Gras Finnish Semlor Peacock Festival Buns,Rainbow Sarawak Style Layer Cake
1036,10,7,Festivals,Steph,F,28,0,4,1,1.0,0,0,0,0,Zest and Spice Hot Cross Buns,Orange and Chai Spiced Revitalise Cake
1037,10,8,Festivals,Alice,F,29,0,3,0,0.0,0,0,0,0,"Leek, Apple & Goat's Cheese Tarte Tatin",Apple Tree House Pie
1040,10,8,Festivals,David,M,36,0,1,0,1.0,0,0,0,1,Caramelly Carroty Tarte Tatin,Whitby Fish Pie
1042,10,8,Festivals,Henry,M,20,0,5,0,0.0,1,0,1,0,"Crab, Tomato & New Potato Tarte Tatin",Chandelier Picnic Pie
1048,10,8,Festivals,Rosie,F,28,0,2,0,0.0,1,0,0,0,"Shallot, Aubergine & Goat's Cheese Spiced Tarte Tatin",Rapunzel's Tower
1049,10,8,Festivals,Steph,F,28,0,4,0,1.0,0,1,0,0,Caramelised Onion & Goat's Cheese Tarte Tatin,Curried Chickpea & Potato Carousel
1050,10,9,Pâtisserie,Alice,F,29,0,4,0,1.0,0,1,0,0,"Mocha, Hazelnut & Orange Domed Tarts",Save Our Oceans
1053,10,9,Pâtisserie,David,M,36,0,2,0,0.0,1,0,0,1,Aperitif Domed Tarts,Greenhouse Growing Moss
1061,10,9,Pâtisserie,Rosie,F,28,0,1,0,0.0,1,0,1,0,"Lemon, Raspberry & Mint Domed Tarts",Time with Family
1062,10,9,Pâtisserie,Steph,F,28,0,3,0,1.0,0,0,0,0,"Raspberry, Lemon & White Chocolate Domed Tarts",A Night at the Opera
1063,10,10,Final,Alice,F,29,0,2,0,0.0,0,0,1,0,"Chocolate, Pear, Ginger and Maple Cake",End of the School Year Celebration Picnic
1066,10,10,Final,David,M,36,0,1,0,0.0,0,1,0,1,"Chocolate, Armagnac and Prune Cake",Peachy Pic-Nik
1075,10,10,Final,Steph,F,28,0,3,0,0.0,0,0,1,0,Black Forest Chocolate Cake,Picnic in the Park
